-- MySQL dump 10.13  Distrib 8.0.13, for Win64 (x86_64)
--
-- Host: localhost    Database: ipperuc_web
-- ------------------------------------------------------
-- Server version	5.5.5-10.1.38-MariaDB

/*!40101 SET @OLD_CHARACTER_SET_CLIENT=@@CHARACTER_SET_CLIENT */;
/*!40101 SET @OLD_CHARACTER_SET_RESULTS=@@CHARACTER_SET_RESULTS */;
/*!40101 SET @OLD_COLLATION_CONNECTION=@@COLLATION_CONNECTION */;
 SET NAMES utf8 ;
/*!40103 SET @OLD_TIME_ZONE=@@TIME_ZONE */;
/*!40103 SET TIME_ZONE='+00:00' */;
/*!40014 SET @OLD_UNIQUE_CHECKS=@@UNIQUE_CHECKS, UNIQUE_CHECKS=0 */;
/*!40014 SET @OLD_FOREIGN_KEY_CHECKS=@@FOREIGN_KEY_CHECKS, FOREIGN_KEY_CHECKS=0 */;
/*!40101 SET @OLD_SQL_MODE=@@SQL_MODE, SQL_MODE='NO_AUTO_VALUE_ON_ZERO' */;
/*!40111 SET @OLD_SQL_NOTES=@@SQL_NOTES, SQL_NOTES=0 */;

--
-- Table structure for table `contacto`
--

DROP TABLE IF EXISTS `contacto`;
/*!40101 SET @saved_cs_client     = @@character_set_client */;
 SET character_set_client = utf8mb4 ;
CREATE TABLE `contacto` (
  `idCo` int(5) NOT NULL AUTO_INCREMENT,
  `texto1` varchar(500) DEFAULT NULL,
  `texto2` varchar(500) DEFAULT NULL,
  `texto3` varchar(500) DEFAULT NULL,
  `fe_reg` timestamp NULL DEFAULT CURRENT_TIMESTAMP ON UPDATE CURRENT_TIMESTAMP,
  PRIMARY KEY (`idCo`)
) ENGINE=MyISAM AUTO_INCREMENT=2 DEFAULT CHARSET=latin1;
/*!40101 SET character_set_client = @saved_cs_client */;

--
-- Dumping data for table `contacto`
--

LOCK TABLES `contacto` WRITE;
/*!40000 ALTER TABLE `contacto` DISABLE KEYS */;
INSERT INTO `contacto` VALUES (1,'Contamos con la más amplia gama de productos, y te garantizamos la calidad, originalidad y los mejores precios del mercado.','Todos nuestros productos cuentan con garantía real de fabricación para la tranquilidad y comodidad de nuestros clientes.','Trabajamos con las mejores marcas del sector de la construcción que respaldan la calidad de nuestro servicio.','2020-05-23 07:24:26');
/*!40000 ALTER TABLE `contacto` ENABLE KEYS */;
UNLOCK TABLES;

--
-- Table structure for table `grupo`
--

DROP TABLE IF EXISTS `grupo`;
/*!40101 SET @saved_cs_client     = @@character_set_client */;
 SET character_set_client = utf8mb4 ;
CREATE TABLE `grupo` (
  `idGrupo` int(10) NOT NULL AUTO_INCREMENT,
  `nombre` varchar(100) DEFAULT NULL,
  `fecha` timestamp NULL DEFAULT CURRENT_TIMESTAMP,
  PRIMARY KEY (`idGrupo`)
) ENGINE=MyISAM AUTO_INCREMENT=5 DEFAULT CHARSET=latin1;
/*!40101 SET character_set_client = @saved_cs_client */;

--
-- Dumping data for table `grupo`
--

LOCK TABLES `grupo` WRITE;
/*!40000 ALTER TABLE `grupo` DISABLE KEYS */;
INSERT INTO `grupo` VALUES (1,'Herramientas',NULL),(2,'Energía y Medio Ambiente',NULL),(3,'Equipos de Protección Personal ',NULL),(4,'Equipos y Útiles de Limpieza','2020-04-23 01:29:16');
/*!40000 ALTER TABLE `grupo` ENABLE KEYS */;
UNLOCK TABLES;

--
-- Table structure for table `marcas`
--

DROP TABLE IF EXISTS `marcas`;
/*!40101 SET @saved_cs_client     = @@character_set_client */;
 SET character_set_client = utf8mb4 ;
CREATE TABLE `marcas` (
  `id` int(5) NOT NULL AUTO_INCREMENT,
  `image` varchar(200) DEFAULT NULL,
  `fe_reg` timestamp NULL DEFAULT CURRENT_TIMESTAMP ON UPDATE CURRENT_TIMESTAMP,
  `est` varchar(10) DEFAULT NULL,
  PRIMARY KEY (`id`)
) ENGINE=InnoDB AUTO_INCREMENT=11 DEFAULT CHARSET=latin1;
/*!40101 SET character_set_client = @saved_cs_client */;

--
-- Dumping data for table `marcas`
--

LOCK TABLES `marcas` WRITE;
/*!40000 ALTER TABLE `marcas` DISABLE KEYS */;
INSERT INTO `marcas` VALUES (1,'marca2.png','2020-06-05 00:09:22',NULL),(2,'marca2.png','2020-05-31 03:58:56',NULL),(3,'marca2.png','2020-06-05 00:09:22',NULL),(4,'marca2.png','2020-06-05 00:09:22',NULL),(5,'marca2.png','2020-06-05 00:09:22',NULL),(6,'marca2.png','2020-06-05 00:09:22',NULL),(7,'marca2.png','2020-06-05 00:09:22',NULL),(8,'marca2.png','2020-06-05 00:09:22',NULL),(9,'marca2.png','2020-06-05 00:09:22',NULL),(10,'marca2.png','2020-06-05 00:09:22',NULL);
/*!40000 ALTER TABLE `marcas` ENABLE KEYS */;
UNLOCK TABLES;

--
-- Table structure for table `nosotros`
--

DROP TABLE IF EXISTS `nosotros`;
/*!40101 SET @saved_cs_client     = @@character_set_client */;
 SET character_set_client = utf8mb4 ;
CREATE TABLE `nosotros` (
  `idNo` int(4) NOT NULL AUTO_INCREMENT,
  `descripcion` text CHARACTER SET latin1 COLLATE latin1_spanish_ci,
  `url` text CHARACTER SET latin1 COLLATE latin1_spanish_ci,
  `mision` text CHARACTER SET latin1 COLLATE latin1_spanish_ci,
  `vision` text CHARACTER SET latin1 COLLATE latin1_spanish_ci,
  `valores` text CHARACTER SET latin1 COLLATE latin1_spanish_ci,
  `img` varchar(200) CHARACTER SET latin1 COLLATE latin1_spanish_ci DEFAULT NULL,
  `fe_reg` timestamp NULL DEFAULT CURRENT_TIMESTAMP ON UPDATE CURRENT_TIMESTAMP,
  PRIMARY KEY (`idNo`)
) ENGINE=MyISAM AUTO_INCREMENT=2 DEFAULT CHARSET=latin1;
/*!40101 SET character_set_client = @saved_cs_client */;

--
-- Dumping data for table `nosotros`
--

LOCK TABLES `nosotros` WRITE;
/*!40000 ALTER TABLE `nosotros` DISABLE KEYS */;
INSERT INTO `nosotros` VALUES (1,'Somos un equipo altamente capacitado y motivado, que ofrece la distribución y comercialización de productos y ejecución de servicios diversos con un amplio conocimiento y gran experiencia en el ámbito público y privado. Posemos los recursos necesarios para hacer realidad los proyectos más avanzados de nuestros clientes. Creando soluciones caracterizadas por su innovación, creatividad y calidad, llegando a la optimización de sus procesos de negocios.','https://www.youtube.com/watch?v=UalTfOIDQ7M','Brindar a nuestros clientes soluciones inmediatas, confiables y de calidad, llegando a la optimización de sus procesos logísticos, administrativos, producción a través de la gestión de profesionales constantemente capacitados.  ','Ser la empresa de distribución y comercialización de productos y ejecución de servicios diversos de referencia, liderando el mercado por medio de la responsabilidad, y eficiencia, cumpliendo a tiempo con todos y cada uno de los trabajos encomendadas.','- Calidad</br>\r\n- Responsabilidad</br>\r\n- Eficiencia</br>\r\n- Servicio</br>','nosotros.jpg','2020-06-05 18:15:00');
/*!40000 ALTER TABLE `nosotros` ENABLE KEYS */;
UNLOCK TABLES;

--
-- Table structure for table `productos`
--

DROP TABLE IF EXISTS `productos`;
/*!40101 SET @saved_cs_client     = @@character_set_client */;
 SET character_set_client = utf8mb4 ;
CREATE TABLE `productos` (
  `idPro` int(50) NOT NULL AUTO_INCREMENT,
  `idsubgrupo` int(10) DEFAULT NULL,
  `titulo` varchar(150) DEFAULT NULL,
  `precio` varchar(10) DEFAULT NULL,
  `disponible` varchar(10) DEFAULT NULL,
  `Oferta` bit(1) NOT NULL DEFAULT b'0',
  `descripcion_corta` varchar(100) DEFAULT NULL,
  `descr` varchar(500) DEFAULT NULL,
  `img1` varchar(100) DEFAULT NULL,
  `img2` varchar(100) DEFAULT NULL,
  `img3` varchar(100) DEFAULT NULL,
  `img4` varchar(100) DEFAULT NULL,
  `feReg` timestamp NULL DEFAULT CURRENT_TIMESTAMP ON UPDATE CURRENT_TIMESTAMP,
  PRIMARY KEY (`idPro`)
) ENGINE=MyISAM AUTO_INCREMENT=49 DEFAULT CHARSET=latin1;
/*!40101 SET character_set_client = @saved_cs_client */;

--
-- Dumping data for table `productos`
--

LOCK TABLES `productos` WRITE;
/*!40000 ALTER TABLE `productos` DISABLE KEYS */;
INSERT INTO `productos` VALUES (2,1,'Caladoras','150.00','Sí',_binary '\0','Esto es una prueba de la descripción que insertas.','<ul>\r\n	<li>Velocidad Variable de 500 a 3100rpm</li>\r\n	<li>Precisi&oacute;n en cortes angulares</li>\r\n	<li>Placa base retr&aacute;ctil y Polea gu&iacute;a</li>\r\n	<li>Disponibles en potencias desde 400W a 850W</li>\r\n</ul>\r\n','Caladoras-Corte.jpg',NULL,NULL,NULL,'2020-06-05 18:28:18'),(3,1,'Taladro de Banco','150.00','Sí',_binary '\0','Esto es una prueba de la descripción que insertas.','<ul>\r\n	<li>Disponible en potencias de 250W a 560W</li>\r\n	<li>Disponibles con velocidad de 260 a 4460rpm</li>\r\n	<li>Tama&ntilde;o de mesa: 6 1/4&rdquo; x 6 1/4&rdquo; &oacute;&nbsp;&nbsp;&nbsp; 10&rdquo; x 10&rdquo;</li>\r\n</ul>\r\n','Taladro-de-Banco-Corte.jpg','3.jpg',NULL,NULL,'2020-06-05 18:28:18'),(4,1,'Sierra Cinta','150.00','Sí',_binary '\0','Esto es una prueba de la descripción que insertas.','<p><strong><u>Caracter&iacute;sticas</u></strong></p>\r\n\r\n<ul>\r\n	<li>Disponible en potencias de 1/3Hp, 1Hp y 2Hp</li>\r\n	<li>Velocidad del motor de 1720rpm</li>\r\n	<li>Dise&ntilde;ado para cortes rectos y contornos</li>\r\n</ul>\r\n','Sierra-Cinta-Corte.jpg',NULL,NULL,NULL,'2020-06-05 18:28:18'),(5,1,'Motosierras','150.00','Sí',_binary '\0','Esto es una prueba de la descripción que insertas.','<p><strong><u>Caracter&iacute;sticas</u></strong></p>\r\n\r\n<ul>\r\n	<li>Velocidad Max del rotor: 12500 rpm</li>\r\n	<li>Disponibles en potencias de 1.5HP a 2.7HP</li>\r\n	<li>Tanque de combustible de 575cm3</li>\r\n	<li>Disponibles en 14&rsquo;&rsquo;,16&rdquo;,18&rdquo;,20&rdquo;</li>\r\n</ul>\r\n','Motosierras-Corte.jpg',NULL,NULL,NULL,'2020-06-05 18:28:18'),(6,1,'Ruteadoras','150.00','Sí',_binary '\0','Esto es una prueba de la descripción que insertas.','<p><strong><u>Caracter&iacute;sticas</u></strong></p>\r\n\r\n<ul>\r\n	<li>Doble Aislaci&oacute;n</li>\r\n	<li>Extracci&oacute;n de polvo</li>\r\n	<li>Control de velocidad</li>\r\n	<li>Arranque progresivo</li>\r\n	<li>Disponibles en potencias de 650 hasta de 2100W</li>\r\n	<li>Velocidad del rotor de 9 000 a 22 000rpm</li>\r\n</ul>\r\n','Ruteadoras-Corte.jpg',NULL,NULL,NULL,'2020-06-05 18:28:18'),(7,2,'Cizallas','150.00','Sí',_binary '\0','Esto es una prueba de la descripción que insertas.','<p><strong><u>Caracter&iacute;sticas</u></strong></p>\r\n\r\n<ul>\r\n	<li>Fabricadas en Acero cromo molibdeno</li>\r\n	<li>Disponible desde 12&rdquo; a 36&rdquo;</li>\r\n	<li>Cuchillas de repuesto disponibles</li>\r\n</ul>\r\n','001.jpg',NULL,NULL,NULL,'2020-06-05 18:28:18'),(8,2,'Cortatubos','150.00','Sí',_binary '\0','Esto es una prueba de la descripción que insertas.','<p><strong><u>Caracter&iacute;sticas:</u></strong></p>\r\n\r\n<ul>\r\n	<li>Cuchillas de acero Inoxidable</li>\r\n	<li>Cuerpo de aluminio</li>\r\n	<li>Corte especial para tuber&iacute;a de PVC, PEALPE y HDP</li>\r\n	<li>Corte m&aacute;ximo disponible desde &frac34;&rdquo; a 1 &frac34;&rdquo;</li>\r\n</ul>\r\n','3.jpg',NULL,NULL,NULL,'2020-06-05 18:28:18'),(9,2,'Cortatubos','150.00','Sí',_binary '\0','Esto es una prueba de la descripción que insertas.','<p><strong><u>Caracter&iacute;sticas</u></strong></p>\r\n\r\n<ul>\r\n	<li>Cuchillas de acero Inoxidable</li>\r\n	<li>Corte Especial para tuber&iacute;as Met&aacute;licas (Cobre)</li>\r\n	<li>Corte m&aacute;ximo disponible desde ?&rdquo; a 2&rdquo;</li>\r\n</ul>\r\n','65.jpg',NULL,NULL,NULL,'2020-06-05 18:28:18'),(10,2,'Cortador de mayólica','150.00','Sí',_binary '\0','Esto es una prueba de la descripción que insertas.','<p><strong><u>Caracter&iacute;sticas</u></strong></p>\r\n\r\n<ul>\r\n	<li>Riel de acero solido</li>\r\n	<li>Mango ergon&oacute;mico</li>\r\n	<li>Bujes de polvo metal&uacute;rgico de alta presi&oacute;n</li>\r\n	<li>Cuchilla con recubrimiento de titanio</li>\r\n	<li>Capacidad de corte m&aacute;ximo de 16&rdquo; a 26&rdquo;</li>\r\n</ul>\r\n','2.jpg',NULL,NULL,NULL,'2020-06-05 18:28:18'),(41,4,'Prueba Energia','500.00','No',_binary '','Esto es una prueba de la descripción que insertas.','<ul>\r\n	<li>Para medir la presi&oacute;n de fluidos (l&iacute;quidos y gases)</li>\r\n	<li>Con glicerina.</li>\r\n	<li>Medidas disponibles de 2 1/2 &raquo; y 4 &laquo;,</li>\r\n	<li>Conexi&oacute;nes Disponibles de &nbsp;1/4 &raquo; y 1/2 &raquo; NPT.</li>\r\n	<li>Rangos de presi&oacute;n<br />\r\n	&ndash; M&iacute;nimo: 0 a 1 bar (0 &ndash; 15psi)<br />\r\n	&ndash; M&aacute;ximo: 0 a 700 bar (0 &ndash; 10000psi)&nbsp;</li>\r\n</ul>\r\n','Ruteadoras-Corte.jpg',NULL,NULL,NULL,'2020-06-05 18:28:18'),(12,2,'Discos','150.00','Sí',_binary '\0','Esto es una prueba de la descripción que insertas.','<p><strong><u>Caracter&iacute;sticas</u></strong></p>\r\n\r\n<ul>\r\n	<li>Disponibles para corte de asfalto, concreto y may&oacute;lica o madera</li>\r\n	<li>Di&aacute;metros disponibles desde 4&rdquo; a 14&rdquo;</li>\r\n	<li>Espesores disponibles desde 1.7mm a 2mm</li>\r\n</ul>\r\n','64.jpg',NULL,NULL,NULL,'2020-06-05 18:28:18'),(15,3,'Niple de Campana\r\n','150.00','Sí',_binary '\0','Esto es una prueba de la descripción que insertas.','Cumple con las Normas de Fabricación ASME / ANSI  B.1618, B. 16.22','niple-campana.jpg',NULL,NULL,NULL,'2020-06-05 18:28:18'),(16,3,'Electrodos','150.00','Sí',_binary '\0','Esto es una prueba de la descripción que insertas.','Disponibles en 6013 para estructuras ligeras, 7018 para estructuras','26.jpg',NULL,NULL,NULL,'2020-06-05 18:28:18'),(18,6,' Triángulos','150.00','Sí',_binary '\0','Esto es una prueba de la descripción que insertas.','Disponible en tamaños desde 29cm a 43.5cm','02.jpg',NULL,NULL,NULL,'2020-06-05 18:28:18'),(24,1,'Sierras Circulares','150.00','Sí',_binary '\0','Esto es una prueba de la descripción que insertas.','<p><strong><u>Caracter&iacute;sticas</u></strong></p>\r\n\r\n<ul>\r\n	<li>Gu&iacute;a paralela</li>\r\n	<li>Incluye carbones de repuesto</li>\r\n	<li>Velocidad desde 4500 hasta 5200rpm</li>\r\n	<li>Soft grip para mejor agarre y trabajo</li>\r\n	<li>Disponibles en potencias desde 1200W a 1600W</li>\r\n</ul>\r\n','Sierras-Circulares-Corte.jpg','','','','2020-06-05 18:28:18'),(25,1,'Lijadoras','150.00','Sí',_binary '\0','Esto es una prueba de la descripción que insertas.','<p><strong><u>Caracter&iacute;sticas</u></strong></p>\r\n\r\n<ul>\r\n	<li>Disponible en potencias desde 135 a 225W</li>\r\n	<li>Velocidad de 6500 hasta 24000rpm</li>\r\n	<li>1/3 de hoja abrasiva (lija)</li>\r\n	<li>Lijado por 3 lados</li>\r\n	<li>Interruptor a prueba de polvo</li>\r\n</ul>\r\n','Lijadoras-Acabado.jpg','','','','2020-06-05 18:28:18'),(26,1,'Esmeriles','150.00','Sí',_binary '\0','Esto es una prueba de la descripción que insertas.','<p><strong><u>Caracter&iacute;sticas</u></strong></p>\r\n\r\n<ul>\r\n	<li>Visera ajustable/Chispero</li>\r\n	<li>Rodamiento de bolas del motor<br />\r\n	menos vibraci&oacute;n</li>\r\n	<li>Potencia desde 1/3 a 1/2 HP</li>\r\n	<li>Di&aacute;metro de la piedra: 6&Prime; x 5/8&Prime; x 1/2&Prime;</li>\r\n	<li>Velocidad de hasta 3400rpm</li>\r\n</ul>\r\n','Esmeriles-Modelado.jpg','','','','2020-06-05 18:28:18'),(27,1,'Cepillo de Banco','150.00','Sí',_binary '\0','Esto es una prueba de la descripción que insertas.','<p><strong><u>Caracter&iacute;sticas</u></strong></p>\r\n\r\n<ul>\r\n	<li>Potencia de 3Hp</li>\r\n	<li>Velocidad de 3450 a 15000 rpm</li>\r\n	<li>Disponibles en 15&rdquo; y 20 &ldquo;</li>\r\n</ul>\r\n','Cepillo-de-Banco-Modelado.jpg','','','','2020-06-05 18:28:18'),(28,1,'Garlopa','150.00','Sí',_binary '\0','Esto es una prueba de la descripción que insertas.','<p><strong><u>Caracter&iacute;sticas</u></strong></p>\r\n\r\n<ul>\r\n	<li>Disponible en potencias desde 1hp a 3Hp</li>\r\n	<li>Velocidad de 3450 a 13800 rpm</li>\r\n	<li>Disponibles en 15&rdquo; y 20 &ldquo;</li>\r\n</ul>\r\n','Garlopa-Modelado.jpg','','','','2020-06-05 18:28:18'),(29,1,'Compresoras','150.00','Sí',_binary '','Esto es una prueba de la descripción que insertas.','<p><strong><u>Caracter&iacute;sticas</u></strong></p>\r\n\r\n<ul>\r\n	<li>Disponible en potencias de 1.5 a 3Hp y Velocidades de 2900 hasta 3450rpm</li>\r\n	<li>Capacidad de aire desde 25 a 240L</li>\r\n	<li>Salida con man&oacute;metro regulable</li>\r\n	<li>V&aacute;lvula de seguridad</li>\r\n</ul>\r\n','Compresoras-Impulsoras.jpg','','','','2020-06-05 18:28:18'),(30,2,'Formones','150.00','Sí',_binary '','Esto es una prueba de la descripción que insertas.','<p><strong><u>Caracter&iacute;sticas</u></strong></p>\r\n\r\n<ul>\r\n	<li>Cuchilla de acero al carbono</li>\r\n	<li>Disponibles de &frac14;&rdquo; a 1 &frac12;&rdquo;</li>\r\n</ul>\r\n','6.jpg','','','','2020-06-05 18:28:18'),(31,2,'Machetes','150.00','Sí',_binary '','Esto es una prueba de la descripción que insertas.','<p><strong><u>Caracter&iacute;sticas</u></strong></p>\r\n\r\n<ul>\r\n	<li>Hojas de acero al carbono templado</li>\r\n	<li>Mango con remaches</li>\r\n	<li>Especializado para cortar, rozar y chapear</li>\r\n	<li>Hojas disponibles desde 12&rdquo; a 18&rdquo; de largo</li>\r\n</ul>\r\n','66.jpg','','','','2020-06-05 18:28:18'),(32,2,'Serruchos','150.00','Sí',_binary '','Esto es una prueba de la descripción que insertas.','<p><strong><u>Caracter&iacute;sticas</u></strong></p>\r\n\r\n<ul>\r\n	<li>Hoja de acero al carbono templado</li>\r\n	<li>Espesor de hoja disponibles desde 0.6mm a 0.9mm</li>\r\n	<li>Hojas disponibles desde 12&rdquo; a 28&rdquo; de largo</li>\r\n</ul>\r\n','67.jpg','','','','2020-06-05 18:28:18'),(33,2,'Sierras','150.00','Sí',_binary '','Esto es una prueba de la descripción que insertas.','<p><strong><u>Caracter&iacute;sticas</u></strong></p>\r\n\r\n<ul>\r\n	<li>Arco y margo ergon&oacute;mico</li>\r\n	<li>Arco inyectado en aluminio</li>\r\n	<li>Dos posiciones de sierra 45&deg; y 90&deg;</li>\r\n	<li>Arcos disponibles para hojas de 10 y 12&rdquo;</li>\r\n	<li>Hojas de sierra disponibles</li>\r\n</ul>\r\n','68.jpg','','','','2020-06-05 18:28:18'),(34,2,'Sierra caladora','150.00','Sí',_binary '','Esto es una prueba de la descripción que insertas.','<p><strong><u>Caracter&iacute;sticas</u></strong></p>\r\n\r\n<ul>\r\n	<li>Arco y margo ergon&oacute;mico</li>\r\n	<li>Arco inyectado en aluminio</li>\r\n	<li>Arcos disponibles para hojas de 5&rdquo; y 6&rdquo;</li>\r\n	<li>Hojas de sierra disponibles</li>\r\n</ul>\r\n','02.png','','','','2020-06-05 18:28:18'),(36,6,'Chalecos de seguridad','150.00','Sí',_binary '','Esto es una prueba de la descripción que insertas.','<p><strong><u>Caracter&iacute;sticas</u></strong></p>\r\n\r\n<ul>\r\n	<li>100% Poli&eacute;ster Respirable</li>\r\n	<li>Resistente a la exposiciones del sol</li>\r\n	<li>Cinta Velcro para mayor ajuste</li>\r\n	<li>Colores disponibles (naranja, verde y amarillo)</li>\r\n</ul>\r\n','Chalecos-de-Seguridad.jpg','','','','2020-06-05 18:28:18'),(37,6,'Fajas','150.00','Sí',_binary '','Esto es una prueba de la descripción que insertas.','<p><strong><u>Caracter&iacute;sticas</u></strong></p>\r\n\r\n<ul>\r\n	<li>Cierre con Velcro</li>\r\n	<li>Tirantes y Faja Ajustables</li>\r\n	<li>Cintur&oacute;n ajustable</li>\r\n	<li>Varillas para soporte lumbar</li>\r\n</ul>\r\n','Fajas.jpg','','','','2020-06-05 18:28:18'),(38,3,'Manguera de Gas','150.00','Sí',_binary '','Esto es una prueba de la descripción que insertas.','<p><strong><u>Caracter&iacute;sticas:</u></strong></p>\r\n\r\n<ul>\r\n	<li>Longitud de 30cm</li>\r\n	<li>Para Gas Natural y GLP</li>\r\n	<li>Disponibles en&nbsp;1 / 2 &laquo;</li>\r\n	<li>Longitudes Disponibles de 0.4 &ndash; 0.5 &ndash; 0.6 &ndash; 1.30 MTS, con conector Hembra &ndash; Macho.</li>\r\n	<li>Cubierta en copol&iacute;mero termopl&aacute;stico antillama.</li>\r\n</ul>\r\n','manguera.png','','','','2020-06-05 18:28:18'),(39,3,'Manometro Aguja','150.00','Sí',_binary '','Esto es una prueba de la descripción que insertas.','<ul>\r\n	<li>Para medir la presi&oacute;n de fluidos (l&iacute;quidos y gases)</li>\r\n	<li>Con glicerina.</li>\r\n	<li>Medidas disponibles de 2 1/2 &raquo; y 4 &laquo;,</li>\r\n	<li>Conexi&oacute;nes Disponibles de &nbsp;1/4 &raquo; y 1/2 &raquo; NPT.</li>\r\n	<li>Rangos de presi&oacute;n<br />\r\n	&ndash; M&iacute;nimo: 0 a 1 bar (0 &ndash; 15psi)<br />\r\n	&ndash; M&aacute;ximo: 0 a 700 bar (0 &ndash; 10000psi)&nbsp;</li>\r\n</ul>\r\n','original.jpg','119.jpg','manometros-secos-cl-1-6.png','119.jpg','2020-06-05 18:28:18'),(1,1,'Amoladoras','24.00','Sí',_binary '\0','Esto es una prueba de la descripción que insertas.','<ul>\r\n	<li>Mango auxiliar de 3 posiciones</li>\r\n	<li>Bot&oacute;n de Uso continuo</li>\r\n	<li>Incluye disco abrasivo para desgaste de metal</li>\r\n	<li>Disponible para discos de a 4 1/2&Prime; y 7&rdquo;</li>\r\n	<li>Velocidad de 6000 o 11000rpm</li>\r\n	<li>Disponibles en potencias desde 850W a 1800W</li>\r\n</ul>\r\n','Amoladoras-corte.jpg',NULL,NULL,NULL,'2020-06-05 18:28:18'),(46,5,'Prueba Ambiente','100.00','No',_binary '\0','Esto es una prueba de la descripción que insertas.','<p>Esto es una descripcion</p>\r\n','119.jpg','','','','2020-06-05 18:28:18'),(47,5,'Prueba Oferta','30.00','No',_binary '','Esto es una prueba de la descripción que insertas.','<p>Descripcion</p>\r\n','original.jpg','','','','2020-06-05 18:28:18'),(48,4,'Prueba oferta 2','24.00','No',_binary '\0','Esto es una prueba de la descripción que insertas.','<p>Descripcion</p>\r\n','amoladora4.jpg','','','','2020-06-05 18:28:18');
/*!40000 ALTER TABLE `productos` ENABLE KEYS */;
UNLOCK TABLES;

--
-- Table structure for table `slider`
--

DROP TABLE IF EXISTS `slider`;
/*!40101 SET @saved_cs_client     = @@character_set_client */;
 SET character_set_client = utf8mb4 ;
CREATE TABLE `slider` (
  `id` int(5) NOT NULL AUTO_INCREMENT,
  `image` varchar(200) DEFAULT NULL,
  `fe_reg` timestamp NULL DEFAULT CURRENT_TIMESTAMP ON UPDATE CURRENT_TIMESTAMP,
  `est` varchar(10) DEFAULT NULL,
  `title` varchar(50) DEFAULT NULL,
  `subtitle` varchar(100) DEFAULT NULL,
  PRIMARY KEY (`id`)
) ENGINE=MyISAM AUTO_INCREMENT=6 DEFAULT CHARSET=latin1;
/*!40101 SET character_set_client = @saved_cs_client */;

--
-- Dumping data for table `slider`
--

LOCK TABLES `slider` WRITE;
/*!40000 ALTER TABLE `slider` DISABLE KEYS */;
INSERT INTO `slider` VALUES (1,'SERVICIO - Industria.jpg','2020-06-01 06:29:37','active','PROMOCIONES SEIPERU','INGRESA A UN MUNDO INESPERADO'),(2,'slider_ferreteria_4.jpg','2020-06-05 16:29:49',NULL,'LAS MEJORES OFERTAS EN FERRETERÍA','Encuentra la promoción perfecta para ti.'),(3,'slider_ferreteria_6.jpg','2020-06-01 17:56:37',NULL,'CONSIGUE DESCUENTOS Y MÁS','Suscríbete a nuestra red de clientes.'),(4,'slider_ferreteria_7.jpg','2020-06-01 17:47:55',NULL,'LIMPIEZA Y DESINFECCIÓN DE HOGARES','Separa tu cita con nosotros y cuida a tu familia.'),(5,'PAGINA PRINCIPAL Herramientas Eléctricas.png','2020-06-01 17:56:37',NULL,'¿NECESITAS UNA NUEVA HERRAMIENTA?','En SEIPERU tenemos lo mejor para ti.');
/*!40000 ALTER TABLE `slider` ENABLE KEYS */;
UNLOCK TABLES;

--
-- Table structure for table `subgrupo`
--

DROP TABLE IF EXISTS `subgrupo`;
/*!40101 SET @saved_cs_client     = @@character_set_client */;
 SET character_set_client = utf8mb4 ;
CREATE TABLE `subgrupo` (
  `idsub` int(10) NOT NULL AUTO_INCREMENT,
  `idgrupo` int(10) DEFAULT NULL,
  `nombre` varchar(100) DEFAULT NULL,
  `img` varchar(150) DEFAULT NULL,
  `descr` varchar(1000) DEFAULT NULL,
  `fecharegistro` timestamp NULL DEFAULT CURRENT_TIMESTAMP,
  PRIMARY KEY (`idsub`)
) ENGINE=MyISAM AUTO_INCREMENT=19 DEFAULT CHARSET=latin1;
/*!40101 SET character_set_client = @saved_cs_client */;

--
-- Dumping data for table `subgrupo`
--

LOCK TABLES `subgrupo` WRITE;
/*!40000 ALTER TABLE `subgrupo` DISABLE KEYS */;
INSERT INTO `subgrupo` VALUES (1,1,'Central Telefónica (01) 652 2471','fondoenergia.jpg','<p>Para comprar en SEI Per&uacute; a trav&eacute;s de venta telef&oacute;nica debes llamar al (01) 000-0000 y uno de nuestros ejecutivos te asesorar&aacute; y resolver&aacute; todas tus dudas sobre c&oacute;mo adquirir un producto, c&oacute;mo vas a pagar y d&oacute;nde quieres recibir tu art&iacute;culo. Ahorra tiempo comprando todo lo que necesitas y nosotros lo dejamos en tu casa o ret&iacute;ralo en nuestras instalaciones localizada en</p>\r\n','2020-04-23 01:31:46'),(2,1,'Herramientas Manuales ',NULL,NULL,'2020-04-23 01:31:46'),(3,2,'Electrodomésticos y Gasodomésticos',NULL,NULL,'2020-04-23 01:32:10'),(4,2,'Tecnología',NULL,NULL,'2020-04-23 01:32:10'),(5,2,'Energía y Medio Ambiente',NULL,NULL,'2020-04-23 01:32:26'),(6,0,'Equipos de Protección Personal ',NULL,NULL,'2020-04-23 01:37:15'),(7,0,'Limpieza y Hogar',NULL,NULL,'2020-04-23 01:37:15'),(8,4,'Oficinas','OFICINAS2.jpg','<p>Te ofrecemos la posibilidad de disponer de un equipo de limpieza diario en tu oficina, asegur&aacute;ndote la seguridad de que tu espacio laboral estar&aacute; completamente limpio cada d&iacute;a, garantizando el uso de productos de primera calidad, siempre respetuosos con el medio ambiente.</p>\r\n','2020-04-25 01:57:18'),(9,4,'Ventanas','ven.jpg','<p>Orientado a instituciones estatales y privadas que necesitan un servicio de limpieza, para higienizar los cristales de su edificaci&oacute;n, disponiendo de un amplio equipo de profesionales con los que te aseguramos el mejor resultado.</p>\r\n','2020-04-25 01:57:18'),(10,4,'Obras en general','obras.jpg','Higienizamos la zona completa de tu obra. Trabajamos tanto para empresas que necesitan limpiar un espacio comercial o residencial.','2020-04-25 01:57:37'),(11,4,'Limpieza de grafitis','grafi.jpg','<p>Higienizamos la zona completa de tu obra. Trabajamos tanto para empresas que necesitan limpiar un espacio comercial o residencial. Limpieza y desinfecci&oacute;n total.</p>\r\n','2020-04-25 01:57:37'),(12,4,'Viviendas, edificios multifamiliares y corporativos','viv.png','Brindamos la limpieza de viviendas, edificios multifamiliares y corporativos, disponiendo de un equipo altamente capacitado ejerciendo el servicio de una manera rápida y eficaz, adaptándose a las necesidades y las características de tu casa, departamento o edificio.','2020-04-25 01:58:23'),(13,4,'Industrias','industrias.jpg','Ofrecemos el servicio de limpieza, higienizado, fumigación y desinsectación de industrias que manejan materiales peligrosos. Las limpiezas industriales no pueden llevarse a cabo por cualquier empresa, es necesario conocer el entorno, los peligros que pudieran existir y las necesidades del recinto, solo nosotros te ofrecemos el mejor servicio.','2020-04-25 01:58:23'),(14,4,'Centros Comerciales','centros.jpg','Al igual que sucede en los espacios residenciales, los comercios o centros comerciales necesitan de una limpieza constante. Los centros comerciales tienen una característica en común que están formados por pasillos largos, amplias zonas de descanso para los consumidores, grandes zonas de recreación y estas áreas deben limpiarse a diario para ofrecer a los clientes espacios limpios','2020-04-25 01:58:31'),(15,4,'Garajes y Parking','garajes.jpg','Ejecutamos el servicio de limpieza en garajes siendo está una las zonas de nuestra edificación donde se acumula una suciedad más nociva, el alto tráfico de vehículos, y esto a su vez contamina el aire que respiramos, cuanto más sucio está el garaje más contaminado está el aire, esas partículas que están en el ambiente se quedan al final en nuestras vías respiratorias.','2020-04-25 01:58:31'),(16,4,'Jardines y piscinas','jardines.jpg','El servicio de mantenimiento de zonas ajardinadas y piscina, lo realizamos en horarios que no perturbe a los usuarios y así realizar una limpieza completa y eficaz de las ares verdes y conservarlas en buen estado.','2020-04-25 01:58:40'),(17,4,'Tecnología','energyrenovables.jpg','Disponemos de todo tipo de equipos y una amplia gama de productos en este rubro, realizando además el proyecto a su medida, logrando hacer que su empresa reduzca el consumo de energía eléctrica y a su vez, reduzca la facturación del servicio.','2020-04-25 01:58:40'),(18,4,'Energía y Medio Ambiente','medio.jpg','Comerciamos y comercializamos equipos de medición para todo tipo de estudios ambientales para usos en mediciones de: calidad de aire y emisiones, calidad de agua, climatización, calidad de refrigeración, ruido, campos electromagnéticos y suelos.','2020-04-25 01:58:40');
/*!40000 ALTER TABLE `subgrupo` ENABLE KEYS */;
UNLOCK TABLES;

--
-- Table structure for table `usuarios`
--

DROP TABLE IF EXISTS `usuarios`;
/*!40101 SET @saved_cs_client     = @@character_set_client */;
 SET character_set_client = utf8mb4 ;
CREATE TABLE `usuarios` (
  `id` int(9) NOT NULL AUTO_INCREMENT,
  `user` varchar(30) CHARACTER SET utf8mb4 COLLATE utf8mb4_unicode_ci DEFAULT NULL,
  `email` varchar(100) CHARACTER SET utf8mb4 COLLATE utf8mb4_unicode_ci DEFAULT NULL,
  `pass` varchar(200) CHARACTER SET utf8mb4 COLLATE utf8mb4_unicode_ci DEFAULT NULL,
  `estado` varchar(30) CHARACTER SET utf8mb4 COLLATE utf8mb4_unicode_ci DEFAULT 'activado',
  `rol` varchar(30) DEFAULT NULL,
  `nom` varchar(50) CHARACTER SET utf8mb4 COLLATE utf8mb4_unicode_ci DEFAULT NULL,
  `ape` varchar(50) CHARACTER SET utf8mb4 COLLATE utf8mb4_unicode_ci DEFAULT NULL,
  `cel` varchar(20) CHARACTER SET utf8mb4 COLLATE utf8mb4_unicode_ci DEFAULT NULL,
  `fe_in` timestamp NULL DEFAULT CURRENT_TIMESTAMP,
  PRIMARY KEY (`id`)
) ENGINE=MyISAM AUTO_INCREMENT=2 DEFAULT CHARSET=latin1;
/*!40101 SET character_set_client = @saved_cs_client */;

--
-- Dumping data for table `usuarios`
--

LOCK TABLES `usuarios` WRITE;
/*!40000 ALTER TABLE `usuarios` DISABLE KEYS */;
INSERT INTO `usuarios` VALUES (1,'seiperu','admin@ejemplo.com','e9b1aa9617b4a89c611ca693a8a29848','ACTIVADO','1','Administrador','SEIPERU','987654321','2019-07-20 00:14:00');
/*!40000 ALTER TABLE `usuarios` ENABLE KEYS */;
UNLOCK TABLES;

--
-- Table structure for table `ventas`
--

DROP TABLE IF EXISTS `ventas`;
/*!40101 SET @saved_cs_client     = @@character_set_client */;
 SET character_set_client = utf8mb4 ;
CREATE TABLE `ventas` (
  `idVen` int(10) NOT NULL AUTO_INCREMENT,
  `titulo` varchar(100) DEFAULT NULL,
  `texto` text,
  `img` varchar(150) DEFAULT NULL,
  `fereg` timestamp NULL DEFAULT CURRENT_TIMESTAMP,
  PRIMARY KEY (`idVen`)
) ENGINE=MyISAM AUTO_INCREMENT=19 DEFAULT CHARSET=latin1;
/*!40101 SET character_set_client = @saved_cs_client */;

--
-- Dumping data for table `ventas`
--

LOCK TABLES `ventas` WRITE;
/*!40000 ALTER TABLE `ventas` DISABLE KEYS */;
INSERT INTO `ventas` VALUES (1,'Central Telefónica (01) 652 2471','<p>Para comprar en SEI Per&uacute; a trav&eacute;s de venta telef&oacute;nica debes llamar al (01) 000-0000 y uno de nuestros ejecutivos te asesorar&aacute; y resolver&aacute; todas tus dudas sobre c&oacute;mo adquirir un producto, c&oacute;mo vas a pagar y d&oacute;nde quieres recibir tu art&iacute;culo. Ahorra tiempo comprando todo lo que necesitas y nosotros lo dejamos en tu casa o ret&iacute;ralo en nuestras instalaciones localizada es&nbsp;</p>\r\n','ve1.png','2020-04-30 01:17:03'),(2,'Compra con Total Tranquilidad','Tus datos se mantendrán bajo estricta confidencialidad. Contamos con los estándares de seguridad online más rigurosos utilizados en el retail a nivel mundial.\r\n\r\nSEI Perú utiliza el sistema SSL (Secure Socket Layer), actualmente empleado por las empresas más importantes del mundo para realizar transacciones electrónicas seguras. Toda tu información personal no podrá ser leída ni capturada por terceros mientras estás online. \r\n','ve2.png','2020-04-30 01:18:48'),(3,'Múltiples Medios de Pago','En SEI Perú contamos con tres métodos de pago: compras online, compras pago efectivo y compras en venta telefónica. \r\n\r\nComprar en SEI Perú es comprar con total seguridad, comodidad y en las cuotas que quieras utilizando tu terjéta de crédito que desees. \r\n','ve3.png','2020-04-30 01:18:48'),(4,'Compra online, Retiro en Tienda','<p>1. Elige tu producto y verifica que tenga la opci&oacute;n de &quot;retiro en tienda&quot;, y elige tu forma de pago.</p>\r\n\r\n<p>2. Una vez finalizada tu compra, te enviaremos un correo confirmando cuando tu pedido est&eacute; listo para ser entregado.</p>\r\n\r\n<p>3. Lleva tu DNI y el c&oacute;digo &uacute;nico que se te otorgo a la hora de la compra. Recuerda que:</p>\r\n\r\n<p>- El costo del transporte de los productos que adquieras en SEI Per&uacute; depender&aacute; del volumen del producto, por lo que el precio es variable, tanto en Lima como en provincias.</p>\r\n\r\n<p>- Los tiempos de despacho o recojo en tienda se realizan desde 24 horas posteriores a la compra de un producto, tanto en Lima Metropolitana como en provincias.</p>\r\n\r\n<p>- El horario de despacho de productos a domicilio es de lunes a s&aacute;bado de 9:00 a.m. a 9:00 p.m. y el de recojo de producto en tienda es de lunes a viernes de 8:00 a.m. a 10:00 p.m.</p>\r\n','ve4.png','2020-04-30 01:19:11'),(5,'Aviso Legal','<h4><strong>Titularidad</strong></h4>\r\n\r\n<p>Se informa a los usuarios de la presente p&aacute;gina web, en adelante Usuario, que el titular del website [https://www.tudominio.com], en adelante Sitio Web, es la [Tu empresa o titular - Denominaci&oacute;n social o fiscal], cuya direcci&oacute;n es [Tu direcci&oacute;n]</p>\r\n\r\n<p>[Tus datos del registro mercantil]</p>\r\n\r\n<p>&nbsp;</p>\r\n\r\n<h4><strong>Cond</strong><strong>iciones de Uso</strong></h4>\r\n\r\n<p>El acceso al Sitio Web es libre y gratuito siempre que el usuario acepte las condiciones de uso que se le muestren al entrar seg&uacute;n la legislaci&oacute;n vigente.</p>\r\n\r\n<p>Si el usuario se suscribe a cualquier servicio del Sitio Web lo har&aacute; aceptando las Condiciones de Uso y Pol&iacute;tica de Privacidad y Cookies que se le mostrar&aacute;n.</p>\r\n\r\n<p>&nbsp;</p>\r\n\r\n<h4><strong>Veracidad de los datos</strong></h4>\r\n\r\n<p>El Usuario reconoce que los datos suministrados son veraces y ciertos, comprometi&eacute;ndose a notificar cualquier cambio o modificaci&oacute;n que se produzca en los mismos.</p>\r\n\r\n<p>&nbsp;</p>\r\n\r\n<h4><strong>Modificaci&oacute;n del servicio</strong></h4>\r\n\r\n<p>Sitio Web se reserva el derecho de modificar o eliminar los servicios que ofrece a trav&eacute;s de la web.</p>\r\n\r\n<p>&nbsp;</p>\r\n\r\n<h4><strong>Normas generales de uso</strong></h4>\r\n\r\n<p>El Usuario se obliga a utilizar este Sitio Web de forma diligente, correcta y respetuosa, en especial cuando publique opiniones y/o comentarios.</p>\r\n\r\n<p>Asimismo, se obliga a t&iacute;tulo meramente enunciativo a no realizar comentarios o acciones:</p>\r\n\r\n<p>Difamatorios, inexactos, falsos, abusivos, injuriosos, obscenos, irreverentes, ofensivos, insultantes, t&aacute;cita o expresamente sexuales, amenazantes, acosadores, racistas, sexistas, discriminatorios por cualquier motivo, que atenten contra la moral, el orden p&uacute;blico, los derechos fundamentales, las libertas p&uacute;blicas, el honor, la intimidad o la imagen de terceros y en general la normativa vigente, y/o ilegales o infractores de derechos de terceros (por ejemplo, p.e., derechos de propiedad industrial e intelectual; derechos de privacidad o publicidad).</p>\r\n\r\n<p>Transmisores de correo basura, &ldquo;SPAM&rdquo;, mensajes con fines comerciales, &ldquo;cartas en cadena&rdquo; o mailings masivos no solicitados, falsos, enga&ntilde;osos o promuevan actividades ilegales o conducta grosera, amenazante, obscena, difamatoria o injuriosa.</p>\r\n\r\n<p>Que suministren informaci&oacute;n pr&aacute;ctica sobre actividades ilegales.</p>\r\n\r\n<p>Que conlleven cualquier actividad comercial, publicidad o ventas, incluso aunque no haya contraprestaci&oacute;n monetaria.</p>\r\n\r\n<p>Que contengan datos de car&aacute;cter personal sobre terceras personas que requieran el consentimiento del propietario o titular de los derechos.</p>\r\n\r\n<p>El Usuario responder&aacute; frente a Sitio Web o frente a cualquier tercero, de cualesquiera da&ntilde;os y perjuicios que pudieran causarse como consecuencia del incumplimiento de dicha obligaci&oacute;n. Sitio Web no interviene los contenidos de los Usuarios.</p>\r\n\r\n<p>&nbsp;</p>\r\n\r\n<h4><strong>Propiedad intelectual</strong></h4>\r\n\r\n<p>Mediante estas condiciones legales no se cede ning&uacute;n derecho de propiedad intelectual o industrial sobre este Sitio Web y sus contenidos (fotograf&iacute;as, v&iacute;deos, creaciones, textos,...). Quedando expresamente prohibido al usuario la reproducci&oacute;n, transformaci&oacute;n, distribuci&oacute;n, comunicaci&oacute;n p&uacute;blica, puesta a disposici&oacute;n, extracci&oacute;n, reutilizaci&oacute;n, reenv&iacute;o o la utilizaci&oacute;n de cualquier naturaleza, por cualquier medio o procedimiento, de cualquiera de ellos, salvo en los casos en que est&eacute; legalmente permitido o sea autorizado por el titular de los correspondientes derechos.</p>\r\n\r\n<p>&nbsp;</p>\r\n\r\n<h4><strong>Obligaciones de Sitio Web</strong></h4>\r\n\r\n<p>Sitio Web es responsable de los servicios que presta por ella misma y de los contenidos directamente originados por la propio web e identificados con su correspondiente copyright.</p>\r\n\r\n<p>Sitio Web adoptar&aacute; las medidas necesarias que permitan garantizar la seguridad y privacidad en la comunicaciones.</p>\r\n\r\n<p>Sitio Web se reserva el derecho a suspender temporalmente la prestaci&oacute;n del servicio sin previo aviso al Usuario, siempre y cuando sea necesario para efectuar operaciones de mantenimiento, actualizaci&oacute;n o mejora del servicio.</p>\r\n\r\n<p>Sitio Web no puede asegurar la disponibilidad y continuidad permanente del servicio web debido a interrupciones, fallos etc..</p>\r\n','avisolegal.jpg','2020-05-24 16:14:46'),(6,'Condiciones Generales','<h4><strong>POL&Iacute;TICA DE PRIVACIDAD &ndash; Protecci&oacute;n de datos personales</strong></h4>\r\n\r\n<p>PROPIEDAD DEL ESPACIO WEB www.thepetshopboys.es</p>\r\n\r\n<p>Este espacio web es propiedad de: AGRINOVAVILA S.L.</p>\r\n\r\n<p>Responsable: www. thepetshopboys.es AGRINOVAVILA S.L.<br />\r\nCIF: B64916521<br />\r\nC/Oriol, 22, 08720 Vilafranca del Pened&egrave;s<br />\r\nEmail de contacto: info@thepetshopboys.es<br />\r\nTel&eacute;fono: 938906524</p>\r\n\r\n<p>Le informamos que todos los datos recogidos en los formularios de solicitud de informaci&oacute;n son guardadas bajo nuestra responsabilidad y son tratados de acuerdo con las exigencias legales, guard&aacute;ndose las medidas necesarias de seguridad que garantizan la confidencialidad de los mismos.</p>\r\n\r\n<p>Le informamos, que los datos personales que se solicitan, principalmente de la persona de contacto, son obtenidas con su consentimiento en los formularios de solicitud de informaci&oacute;n, ser&aacute;n incorporados a un archivo del que es responsable AGRINOVAVILA SLy que tiene como finalidad el establecer contacto con la persona para realizar un seguimiento de su solicitud de informaci&oacute;n sobre productos o servicios. Bajo ninguna condici&oacute;n ser&aacute;n cedidos a terceros ni utilizados para otros fines para los que han sido recogidas y automatizadas.</p>\r\n\r\n<p>En estos datos que se recogen se solicita su expreso consentimiento para que la direcci&oacute;n de correo electr&oacute;nico de su empresa sea utilizado para env&iacute;os de publicidad, ofertas y promociones.</p>\r\n\r\n<p>En el caso de que haya llenado este formulario, podr&aacute; ejercer sus derechos de acceso, oposici&oacute;n, rectificaci&oacute;n y cancelaci&oacute;n a trav&eacute;s de la direcci&oacute;n de correo electr&oacute;nico: info@thepetshopboys.es, por correo postal o en este enlace : <a href=\"https://www.thepetshopboys.es/rgpd/\">https://www.thepetshopboys.es/rgpd/</a></p>\r\n\r\n<p>Todas las compras realizadas en la tienda online de Thepetshopboys.es est&aacute;n sujetas a las condiciones generales de compra expuestas en el presente documento. Las ventas celebradas son ventas a distancia reguladas por la legislaci&oacute;n espa&ntilde;ola vigente en esta materia.</p>\r\n\r\n<p><strong>Thepetshopboys.es</strong>, es un producto de AgrinovaVila<strong>, </strong>S.L.&nbsp;con domicilio fiscal en calle Oriol 22 de Vilafranca del Pened&egrave;s (08720), Barcelona CIF: B64916521. Inscrita en el registro Mercantil de Barcelona, volumen 40661, folio 42, hoja B-371073</p>\r\n\r\n<p>Una vez finalizados todos los pasos de la compra online, recibir&aacute; una copia del pedido realizado en el e-mail que nos haya facilitado. Le sugerimos revise todos los datos de recepci&oacute;n y los art&iacute;culos del pedido para comprobar que todo est&aacute; correcto antes de que le realicemos el env&iacute;o, y en caso de encontrar alguna discrepancia agradeceremos nos lo comunique por tel&eacute;fono o e-mail a la mayor brevedad posible.</p>\r\n\r\n<p>Cuando usted compra una medicaci&oacute;n, tiene que ser &eacute;sta <strong>recomendada por un veterinario</strong>, thepetshopboys.es no se hace responsable del uso que usted pueda darle, y las consecuencias que &eacute;sta pueda ocasionar a su mascota en un uso indevido. Recomendamos leer los prospectos incluidos dentro del envase de la medicaci&oacute;n, puesto que nuestra informaci&oacute;n no es completa.</p>\r\n\r\n<p>Pasados 7 d&iacute;as h&aacute;biles de la realizaci&oacute;n del pedido y en caso de no haber recibido el correspondiente pago, el pedido ser&aacute; anulado autom&aacute;ticamente, pudiendo volver a realizarlo cuando el cliente lo desee.</p>\r\n\r\n<p>Nuestro horario de atenci&oacute;n al cliente es de 9.00 a 13.30h. en el caso de no poder atender a su llamada, rogamos lo vuelva a intentar, ya que significa que estamos atendiendo a otras consultas telef&oacute;nicas.</p>\r\n\r\n<p>Los c&oacute;digos descuento se podr&aacute;n aplicar a todos los productos de la web, salvo lo indique el c&oacute;digo descuento y tendr&aacute;n una vigencia de un mes. No se podr&aacute;n utilizar dos o m&aacute;s c&oacute;digos en un pedido.</p>\r\n\r\n<p>&nbsp;</p>\r\n\r\n<p><strong>TERRITORIO DE APLICACION</strong></p>\r\n\r\n<p>Thepetshopboys.es est&aacute; activa para <strong>el territorio espa&ntilde;ol peninsular.</strong>&nbsp;Para otros destinos consultar portes. No se realizan env&iacute;os a Baleares, Canarias, Ceuta, y Melilla.</p>\r\n\r\n<p>&nbsp;</p>\r\n\r\n<p><strong>USO DEL SITIO WEB</strong></p>\r\n\r\n<p>El Cliente y el Usuario de la web de AgrinovaVila,s.l. se comprometen a hacer un uso adecuado y l&iacute;cito del Sitio Web, de conformidad con la legislaci&oacute;n aplicable y las presentes Condiciones Generales.</p>\r\n\r\n<p><strong>&nbsp;</strong>Queda prohibido hacer mal uso del Sitio Web. El Cliente y/o Usuario deber&aacute; abstenerse, entre otros, de:</p>\r\n\r\n<ol>\r\n	<li>Cometer delitos, ni animar a otros a hacerlo.</li>\r\n	<li>Introducir o distribuir en la red virus inform&aacute;ticos, colgar material ofensivo u obsceno.</li>\r\n	<li>Piratear aspectos del servicio del Sitio Web.</li>\r\n	<li>Corromper los datos que aparezcan en el Sitio Web.</li>\r\n	<li>Enviar publicidad o materiales promocionales no solicitados (<em>&ldquo;spam&rdquo;</em>).</li>\r\n</ol>\r\n\r\n<p>Agrinovavila,s.l. no ser&aacute; responsable por el hecho de que el Sitio Web no se encuentre disponible en alg&uacute;n momento.</p>\r\n\r\n<p>El Sitio Web tambi&eacute;n puede contener enlaces a otros sitios web que no son operados por Agrinovavila,s.l.(en adelante &ldquo;Otros Sitios Web&rdquo;). AgrinovaVila,s.l. no ejerce ning&uacute;n control sobre Otros Sitios Web y no es responsable del contenido de &eacute;stos ni de ning&uacute;n da&ntilde;o que puedan producirle por el uso de los mismos. Si bien se reserva el derecho a eliminar dichos enlaces si por cualquier medio fuese conocido que en el sito enlazado se comete cualquier irregularidad o ilegalidad.</p>\r\n\r\n<p>&nbsp;</p>\r\n\r\n<h4><strong>ACEPTACI&Oacute;N Y MODIFICACI&Oacute;N DE LAS CONDICIONES GENERALES</strong></h4>\r\n\r\n<p>El uso y acceso al Sitio Web por parte del Usuario supone la aceptaci&oacute;n de las presentes Condiciones Generales.</p>\r\n\r\n<p>El Cliente acepta expresamente las presentes Condiciones Generales en el proceso de contrataci&oacute;n.</p>\r\n\r\n<p>AgrinovaVila,s.l. se reserva el derecho de modificar en cualquier momento el contenido de las Condiciones Generales. En cualquier caso, esto no afectar&aacute; al Cliente y al Usuario que estar&aacute;n sujetos a las Condiciones Generales vigentes del Sitio Web en el momento de contrataci&oacute;n de los Productos o en el momento de uso y acceso.</p>\r\n\r\n<h4><strong>&nbsp;</strong></h4>\r\n\r\n<h4><strong>OBLIGACIONES AGRINOVAVILA Y DEL CLIENTE/USUARIO</strong></h4>\r\n\r\n<p>AgrinovaVila,s.l. se compromete a poner a disposici&oacute;n del Cliente y/o Usuario toda la informaci&oacute;n necesaria relativa a los productos que ofrece as&iacute; como la de los pedidos formalizados. No se hace responsable del no cumplimiento temporal de las presentes Condiciones Generales en caso de fuerza mayor y en caso de falta del Cliente o de un hecho imprevisible por parte de una persona ajena al contrato.</p>\r\n\r\n<p>El Cliente y/o Usuario se compromete a rellenar los formularios de pedido y cualquier otro formulario, seg&uacute;n las instrucciones indicadas y con veracidad. El Cliente tambi&eacute;n se compromete a abonar el precio del producto, con los impuestos correspondientes y los gastos de env&iacute;o siempre de acuerdo con la oferta final recibida por parte de AgrinovaVila,s.l.</p>\r\n\r\n<p>Le recordamos que es aconsejable que guarde una copia de los datos relativos a los Productos comprados. AgrinovaVila,s.l. no se responsabiliza de cualquier p&eacute;rdida de datos, archivos o, en general, de cualquier da&ntilde;o que resultara de un fallo de copia de seguridad por parte del Cliente de los datos indicados.</p>\r\n\r\n<p>AgrinovaVila,s.l. no se hace responsable de las consecuencias y da&ntilde;os que pudieran resultar de una utilizaci&oacute;n inadecuada de los Productos vendidos a trav&eacute;s del Sitio Web.</p>\r\n\r\n<p>&nbsp;</p>\r\n\r\n<h4><strong>INFORMACI&Oacute;N SOBRE LOS PRODUCTOS</strong></h4>\r\n\r\n<p>AgrinovaVila,s.l. ofrece una descripci&oacute;n de los productos incluidos en el Sitio Web de acuerdo con las descripciones t&eacute;cnicas procedentes de distribuidores, fabricantes y proveedores en general. Asimismo, incluye la informaci&oacute;n relativa al nombre comercial, marcas o signos distintivos de los productos para aportar la m&aacute;xima informaci&oacute;n posible al Cliente y/o Usuario.</p>\r\n\r\n<p>Lea detenidamente las descripciones de los productos antes de decidir adquirirlos. Las im&aacute;genes mostradas pueden diferir ligeramente del producto final. Ante una duda, cont&aacute;ctenos antes de realizar la compra.</p>\r\n\r\n<p>&nbsp;</p>\r\n\r\n<h4><strong>PRECIOS Y OFERTAS</strong></h4>\r\n\r\n<p><strong>Todos los precios</strong> expuestos en la tienda online de thepetshopboys.es <strong>incluyen el IVA vigente</strong> en el momento de la venta, y el 21% de IVA, excepto para los art&iacute;culos de alimentaci&oacute;n, cuyo PVP incluye el 10% de IVA. Todos los precios publicados en la web y en otros canales de venta son v&aacute;lidos salvo error tipogr&aacute;fico.</p>\r\n\r\n<p>&nbsp;</p>\r\n\r\n<p>Los gastos de env&iacute;o corren por cuenta del Cliente, salvo aviso en contra, y se detallar&aacute;n de forma separada al precio del producto durante el proceso de contrataci&oacute;n. La suma de ambos ser&aacute; el precio total a pagar que le ser&aacute; mostrado al Cliente con car&aacute;cter previo a la formalizaci&oacute;n del contrato.</p>\r\n\r\n<p>En el proceso de contrataci&oacute;n el Cliente aceptar&aacute; el precio total cuando pulse el bot&oacute;n &ndash; PAGAR</p>\r\n\r\n<p>Los precios de los productos pueden variar pero no afectar&aacute;n en ning&uacute;n caso a los pedidos a los que ya les hayamos enviado la Confirmaci&oacute;n del Pedido.</p>\r\n\r\n<p>Nos reservamos el derecho a cobrar el pedido desde la Confirmaci&oacute;n del Pedido.</p>\r\n\r\n<p>Todas las <strong>promociones, ofertas y cupones</strong> tienen una <strong>caducidad de un mes</strong> si la promoci&oacute;n no lo especifica de forma diferente.</p>\r\n\r\n<p>Las promociones que sean cupones de descuento, siempre se aplicaran &uacute;nica y exclusivamente sobre el valor del producto, nunca sobre los gastos de env&iacute;o.</p>\r\n\r\n<p>Las promociones que sean cupones de descuento, siempre tendr&aacute;n un importe m&iacute;nimo a consumir, que en el caso de no estar especificado se cifrar&aacute; en 39&euro; para todas las promociones.</p>\r\n\r\n<p>AgrinovaVila,s.l., se reserva el derecho de anular una promoci&oacute;n a aquella persona que haga un uso incorrecto de la misma, o que bajo distintas identidades adquiera numerosa unidades de la promoci&oacute;n.</p>\r\n\r\n<p>S&oacute;lo se podr&aacute; hacer uso de un &uacute;nico cup&oacute;n de descuento por compra. Los cupones no son acumulables a otras promociones como ofertas, precios rebajados u otras compa&ntilde;as promocionales.</p>\r\n\r\n<p>Una vez abonado el pedido no es posible a&ntilde;adir, eliminar o modificar los cupones.</p>\r\n\r\n<p>&nbsp;</p>\r\n\r\n<h4><strong>FORMAS DE PAGO</strong></h4>\r\n\r\n<p><strong>Transferencia bancaria / ingreso en cuenta </strong></p>\r\n\r\n<p>El pago mediante transferencia bancaria es un m&eacute;todo de pago sencillo para realizar compras a trav&eacute;s de Internet. Usted puede realizar dicho pago c&oacute;modamente desde su entidad bancaria.<br />\r\nCuando usted decida esta opci&oacute;n de pago y una vez finalizado su pedido, le aparecer&aacute;n en pantalla los datos necesarios para realizar la transferencia bancaria. Adem&aacute;s le enviaremos un email con estos datos. Le indicaremos el importe del pedido, el concepto que debe indicar en la misma y el n&uacute;mero de cuenta de la entidad que usted ha seleccionado.&nbsp;Recuerde que deber&aacute; indicar como concepto del pago el n&uacute;mero de referencia de su pedido para evitar errores en la gesti&oacute;n de su pedido.</p>\r\n\r\n<p>Deber&aacute; realizar el pago en la cuenta del &ldquo;Banco Sabadell Atl&aacute;ntico&rdquo; ES12 0081 0046 1700 0256 1859.</p>\r\n\r\n<p>No se considerar&aacute; efectivo el pedido hasta confirmarse el correspondiente ingreso. El pago debe efectuarse en Euros y todas las eventuales comisiones generadas correr&aacute;n por su cuenta al optar por este sistema de pago.</p>\r\n\r\n<p>Las transferencias suelen tardar aproximadamente 48 horas en hacerse efectivas.</p>\r\n\r\n<p>Un vez confirmado el pago se proceder&aacute; a la facturaci&oacute;n, embalado y env&iacute;o del paquete.<br />\r\nSi desea agilizar este proceso puede enviarnos un email a la direccion&nbsp;<a href=\"mailto:contabilidad@tiendanimal.es\">info@thepetshopboys.es</a>&nbsp;o enviando por whatsapp el comprobante de pago al n&uacute;mero: 629275982</p>\r\n\r\n<p><strong>Tarjeta de cr&eacute;dito</strong><br />\r\nEl servicio de pago mediante tarjeta de cr&eacute;dito est&aacute; proporcionado directamente por el Banco Sabadell Atl&aacute;ntico bajo un servidor 100% seguro. Thepetshopboys.es declina cualquier responsabilidad en relaci&oacute;n con la confidencialidad y seguridad de la informaci&oacute;n y datos proporcionados por el cliente con ocasi&oacute;n del pago de sus compras electr&oacute;nicas mediante tarjeta de cr&eacute;dito, en la medida en que el tratamiento de dicha informaci&oacute;n y datos no se encuentra exclusivamente bajo el control de nuestra empresa.</p>\r\n\r\n<p>El pago bajo esta modalidad, queda reflejado de inmediato por lo que se procede ya a la preparaci&oacute;n del pedido.</p>\r\n\r\n<p><strong>Pago por tel&eacute;fono con tarjeta de cr&eacute;dito</strong></p>\r\n\r\n<p>Si lo prefiere, uno de nuestros teleoperadores puede ayudarle a realizar el pago con tarjeta a trav&eacute;s de una llamada telef&oacute;nica. Usted deber&aacute; indicar los datos de su tarjeta,, quien realizar&aacute; el pago a trav&eacute;s de la pasarela de pago seguro del banco Sabadell Atl&aacute;ntico.<br />\r\nMediante esta modalidad de pago Agrinovavila,s.l. nunca recoge ni manipula ning&uacute;n dato del cliente relativo a su n&uacute;mero de tarjeta. Todos los datos son tratados directamente por el banco Sabadell Atl&aacute;ntico, de forma que Agrinovavila siempre pueda ofrecer la mayor transparencia y confidencialidad en la transacci&oacute;n. El pago de su pedido se realiza directamente con la entidad bancaria, ofreci&eacute;ndole de este modo la m&aacute;xima seguridad.<br />\r\nLas tarjetas que actualmente admite la pasarela de pago son todas aquellas que ostenten el distintivo&nbsp;Visa, Mastercard, Maestro y American Express&nbsp;adem&aacute;s de las pertenecientes a las redes 4B, Red 6000 y Servired.<br />\r\nEl sistema tambi&eacute;n soporta el protocolo CES (Comercio Electr&oacute;nico Seguro). Por lo tanto su compra es m&aacute;s segura que si utilizase su tarjeta en un comercio convencional.</p>\r\n\r\n<p>En caso de que la compra se haya hecho por un consumidor final o una empresa, &nbsp;se puede solicitar la correspondiente factura, debe ser solicitada a trav&eacute;s del apartado de contacto de la web, una vez recibido el pedido, indicando los datos de facturaci&oacute;n</p>\r\n\r\n<p>&nbsp;</p>\r\n\r\n<h4><strong>PLAZOS DE ENTREGA Y GASTOS DE ENVIO</strong></h4>\r\n\r\n<p>Una vez el material sale de nuestros almacenes, recibir&aacute;n el pedido en un plazo de <strong>24/72h. laborables</strong> y en la direcci&oacute;n indicada al efectuar la compra (Espa&ntilde;a Peninsular). El cliente se compromete a facilitarnos unos datos de env&iacute;o correctos e inteligibles, y un margen de 3-4 horas para poder hacer la entrega del pedido.</p>\r\n\r\n<p>Los gastos de env&iacute;o son <strong>gratuitos para pedidos superiores a 39&euro;</strong> (s&oacute;lo para Espa&ntilde;a peninsular), para <strong>pedidos inferiores</strong> la participaci&oacute;n en gastos de env&iacute;o ser&aacute; de <strong>7,15&euro;</strong> (5,91+IVA 1,24&euro;). Los <strong>pedidos con entrega en Portugal</strong> tienen unos portes fijos de 10,15&euro; (8,39+IVA 1,76&euro;) por pedido.</p>\r\n\r\n<p>Los pedidos son enviados a trav&eacute;s de agencia de transportes urgentes para Espa&ntilde;a Peninsular y Portugal.</p>\r\n\r\n<p>Los env&iacute;os a domicilios lejanos a la agencia de transporte que requieran un env&iacute;o especial, tendr&aacute;n que adaptarse a los horarios de dicha agencia, o pagar el importe que nos marque la agencia como env&iacute;o especial.</p>\r\n\r\n<p>Los pedidos realizados antes de las 13,00h. se preparar&aacute;n en almac&eacute;n y se expedir&aacute;n el mismo d&iacute;a, siempre y cuando el pedido est&eacute; completo y se haya recibido la transferencia bancaria (para aquellos clientes que elijan esta forma de pago). Los pedidos pagados por tarjeta de cr&eacute;dito se preparan a la recepci&oacute;n del pedido.</p>\r\n\r\n<p>En fechas navide&ntilde;as las entregas se pueden demorar a causa de transporte. Thepetshopboys har&aacute; todo lo posible para que la empresa de transporte cumpla con los plazos de entrega establecidos.</p>\r\n\r\n<p>Excepcionalmente, el 5 de enero y el 24 y 31 de diciembre, se preparar&aacute;n y expedir&aacute;n los pedidos realizados antes de les 12:00h. Atenci&oacute;n al cliente atender&aacute; sus llamadas hasta las 13h.</p>\r\n\r\n<p>Los d&iacute;a 30 y 31 de agosto (1 de septiembre si las fechas anteriores coinciden en domingo), permaneceremos cerrados por festividad local.</p>\r\n\r\n<p>Recibir&aacute;n un e-mail notificando la salida del pedido de nuestros almacenes. La empresa de transporte les entregar&aacute; el material en las pr&oacute;ximas 24/72 h., siempre que se encuentren en el domicilio. En caso de no encontrarse presentes les dejar&aacute;n un aviso para contactar con la delegaci&oacute;n y acordar la entrega.</p>\r\n\r\n<p>Hay que tener en cuenta que a efectos de contabilizar los d&iacute;as necesarios para el env&iacute;o no tienen efecto: los s&aacute;bados, domingos y festivos (tanto nacionales como locales).</p>\r\n\r\n<p>Nuestra disponibilidad de estock es del 95% de nuestros art&iacute;culos, en los casos en que alg&uacute;n producto no est&eacute; disponible y &eacute;ste deba solicitarse a los proveedores de thepetshopboys.es, el plazo de entrega se entender&aacute; siempre desde la llegada del material a nuestros almacenes y posterior expedici&oacute;n del pedido. A trav&eacute;s de e-mail se les mantendr&aacute; informados del estado del pedido. No detallamos en la web el estoc de los productos.</p>\r\n\r\n<p>En el caso de demora de producto por problemas ajenos a thepetshopboys.es (producto descatalogado, rotura de stock por parte del fabricante &hellip;), el servicio de atenci&oacute;n al cliente contactar&aacute; con usted para ofrecerle la mejor soluci&oacute;n y poder realizar as&iacute; la expedici&oacute;n del pedido. Recuerde que si el pedido no supera los 90&euro; no podr&aacute;n hacerse dos env&iacute;os, si el cliente decide recibirlo en 2 env&iacute;os, tendr&aacute; que asumir los gastos de env&iacute;o que ascienden a 7,15&euro;. Si el cliente lo desea y nos lo confirma, podemos guardar dicho art&iacute;culo para adjuntarlo en un siguiente env&iacute;o/pedido, recuerde avisar mediante mail o llamada tel&eacute;fonica el a&ntilde;adido del producto pendiente. Dicho art&iacute;culo se guardar&aacute; en almac&eacute;n, un m&aacute;ximo de 3 meses, si pasado &eacute;ste tiempo el cliente no hace ninguna compra m&aacute;s y no da aviso de nueva entrega, lo daremos por anulado, y por consiguiente por perdido.</p>\r\n\r\n<p>En el caso de las promociones especiales, para cubrir los gastos de env&iacute;o el precio m&iacute;nimo de compra ha de ser de 40&euro;.</p>\r\n\r\n<p>Esta informaci&oacute;n es a nivel informativo y no corresponde a ning&uacute;n compromiso contractual. El personal del servicio de atenci&oacute;n al cliente, est&aacute; a su disposici&oacute;n para cualquier aclaraci&oacute;n en el 938 906 524 o en la direcci&oacute;n de correo electr&oacute;nico <a href=\"mailto:info@thepetshopboys.es\">info@thepetshopboys.es</a>.</p>\r\n\r\n<p>&nbsp;</p>\r\n\r\n<h4><strong>CANCELACI&Oacute;N Y MODIFICACI&Oacute;N DE PEDIDOS</strong></h4>\r\n\r\n<p>CANCELACI&Oacute;N:</p>\r\n\r\n<p>Se puede anular un pedido sin coste siempre y cuando el mismo permanezca en las instalaciones de Agrinovavila,s.l. En el caso de los pedidos que ya han sido enviados, se diferenciar&aacute; entre las voluntades de las partes. Siempre y cuando la raz&oacute;n de la cancelaci&oacute;n sea imputable a Agrinovavila, el cliente podr&aacute; recibir un abono completo del importe de su pedido sin coste adicional, si la raz&oacute;n de la cancelaci&oacute;n es ajena a la voluntad de Agrinovavila,s.l., podr&aacute; ser reembolsado el total del pedido a excepci&oacute;n de los gastos de env&iacute;o.</p>\r\n\r\n<p>&nbsp;</p>\r\n\r\n<h4>MODIFICACI&Oacute;N DEL PEDIDO A VOLUNTAD DEL CLIENTE:</h4>\r\n\r\n<p>Ampliaci&oacute;n del pedido. Se pueden a&ntilde;adir art&iacute;culos en un pedido siempre y cuando no haya sido enviado. El cliente abonar&aacute; el importe correspondiente al resultado de la modificaci&oacute;n.</p>\r\n\r\n<p>Eliminaci&oacute;n de art&iacute;culos. Se pueden eliminar art&iacute;culos de un pedido siempre y cuando no haya sido enviado. El importe a devolver ser&aacute; efectuado&nbsp;en la misma modalidad en que se efectu&oacute; el pago de la compra.</p>\r\n\r\n<p>En el caso de las modificaciones en el pedido, puede dar como resultado una modificaci&oacute;n del importe total, el cual est&aacute; sujeto a un cargo adicional de los gastos de env&iacute;o en el caso de no alcanzar el m&iacute;nimo estipulado, as&iacute; como la eliminaci&oacute;n de dichos gastos si el importe total es igual o superior al m&iacute;nimo indicado en la web.</p>\r\n\r\n<p>&nbsp;</p>\r\n\r\n<h4><strong>EL DERECHO DE DESISTIMIENTO Y CAMBIO DE PRODUCTOS</strong></h4>\r\n\r\n<p>Si el Cliente no est&aacute; satisfecho con cualquiera de los Productos que nos haya adquirido, podr&aacute; ejercitar su derecho de desistimiento dentro del plazo de los catorce (14) d&iacute;as naturales siguientes a la fecha de entrega de los Productos siempre que est&eacute; en perfecto estado y con su embalaje original.</p>\r\n\r\n<p>El Cliente podr&aacute; ejercitar el derecho de desistimiento, cumplimentando el formulario facilitado por Agrinovavila, S.L. en este mismo apartado.</p>\r\n\r\n<p><a href=\"https://thepetshopboys.com/wp-content/uploads/2007/08/formulario_desistimiento-thepetshopboys.pdf\">&ldquo;Modelo de formulario de desistimiento&rdquo;</a></p>\r\n\r\n<p>El Cliente podr&aacute; obtener el reembolso del precio del Producto devuelto, una vez &eacute;ste haya sido recibido en nuestras instalaciones y verificado por nuestro equipo de almac&eacute;n, en el plazo m&aacute;ximo de catorce (14) d&iacute;as naturales, desde la fecha en que se comunic&oacute; a Agrinovavila el derecho de desistimiento, en la misma modalidad en que se efectu&oacute; el pago de la compra.</p>\r\n\r\n<p>El coste del transporte de la devoluci&oacute;n ser&aacute; siempre responsabilidad del Cliente y se realizar&aacute; con las agencias de transporte designadas por Agrinovavila, S.L.</p>\r\n\r\n<p>El coste de la devoluci&oacute;n es de 13.80&euro; para las recogidas en Espa&ntilde;a peninsular. El importe consta de coste de la ida y vuelta del producto.</p>\r\n\r\n<p>Para realizar una correcta devoluci&oacute;n de los Productos, ser&aacute; necesario seguir las pautas siguientes:</p>\r\n\r\n<ol>\r\n	<li>Los Productos deben ser devueltos en su caja/embalaje original. De no ser posible, utilizar una caja de la misma calidad. No a&ntilde;adir celo, grapas u otros a los Productos o su embalaje.</li>\r\n	<li>Los Productos no pueden haber sido usados de manera que su valor se vea reducido o perjudicado.</li>\r\n	<li>Los Productos deben estar acompa&ntilde;ados del albar&aacute;n de entrega con el motivo de la devoluci&oacute;n anotado manualmente para una correcta y r&aacute;pida gesti&oacute;n de la devoluci&oacute;n.</li>\r\n	<li>A la llegada a nuestro almac&eacute;n, se valorar&aacute; el estado de los Productos. Si no cumplen la normativa y condiciones indicadas establecidas para las devoluciones y su estado no es correcto, nos reservamos el derecho a abonar una cantidad inferior en concepto del Producto o Productos da&ntilde;ados.</li>\r\n</ol>\r\n\r\n<p>Quedan excluidos del derecho de desistimiento los medicamentos,, alimentaci&oacute;n, bebidas, limpieza e higiene personal. Asimismo, quedar&aacute;n excluidos:</p>\r\n\r\n<p>&ndash; Bienes personalizados.</p>\r\n\r\n<p>&ndash; Bienes que puedan deteriorarse o caducar con rapidez.</p>\r\n\r\n<p>&ndash; Bienes precintados que no sean aptos para ser devueltos por razones de protecci&oacute;n de la salud o de higiene y que hayan sido desprecintados tras la entrega.</p>\r\n\r\n<p><em>En base al RD 544/2016 Articulo 13 </em>:</p>\r\n\r\n<p>La oficina de farmacia o establecimiento comercial detallista no podr&aacute; aceptar devoluciones de los medicamentos veterinarios una vez hayan sido dispensados y entregados al comprador, salvo de aqu&eacute;llos que hayan sido suministrados por error, no se correspondan con el pedido, hayan sido da&ntilde;ados durante el transporte, exista sobre ellos una alerta por defectos de calidad o por razones de farmacovigilancia veterinaria, o cuando sea precisa la retirada de los mismos de acuerdo con lo previsto en el Real Decreto 1246/2008, de 18 de julio.</p>\r\n\r\n<p>Cuando usted compra una medicaci&oacute;n, tiene que ser &eacute;sta&nbsp;<strong>recomendada por un veterinario</strong>, thepetshopboys.es no se hace responsable del uso que usted pueda darle, y las consecuencias que &eacute;sta pueda ocasionar a su mascota en un uso indevido. Recomendamos leer los prospectos incluidos dentro del envase de la medicaci&oacute;n, puesto que nuestra informaci&oacute;n no es completa.</p>\r\n\r\n<p>Seg&uacute;n lo establecido en el art&iacute;culo 103 d) y e) no se admitir&aacute; el ejercicio del derecho de desistimiento sobre productos que puedan deteriorarse o caducar con rapidez. y/o sobre productos precintados que no sean aptos para ser devueltos por razones de protecci&oacute;n de la salud o de higiene y que hayan sido desprecintados tras la entrega.</p>\r\n\r\n<p>En caso de que los productos no lleguen en perfectas condiciones por causas imutables al Consumidor&nbsp;<strong>Thepetshopboys</strong>&nbsp;se reserva el derecho a abonar una cantidad inferior por su pedido en base a la depreciaci&oacute;n del valor del producto.</p>\r\n\r\n<p><strong>IMPORTANTE</strong>: Si el cliente decide realizar una devoluci&oacute;n total del pedido. Los gastos de devoluci&oacute;n derivados del ejercicio del derecho de desistimiento, ser&aacute;n por cuenta del comprador.</p>\r\n\r\n<p>Si lo que desea realizar es un <strong>cambio de un art&iacute;culo por otro</strong>, el procedimiento para subsanar el error ser&aacute; el mismo, si el error ha ocurrido en la realizaci&oacute;n del pedido por parte del cliente, los gastos del cambio correr&aacute;n a cargo del cliente, en el caso de que haya sido un env&iacute;o con error de preparaci&oacute;n o producto defectuoso los gastos ser&aacute;n asumidos por Thepetshopboys.es</p>\r\n\r\n<p>&nbsp;</p>\r\n\r\n<h4><strong>GARANT&Iacute;A DE LOS PRODUCTOS</strong></h4>\r\n\r\n<p>Todos los Productos ofrecidos por Agrinovavila, S.L. tienen la garant&iacute;a legalmente prevista. Nos comprometemos a reemplazar por uno nuevo o efectuar el correspondiente abono si cualquiera de sus Productos adoleciera de un defecto de fabricaci&oacute;n en un plazo de dos (2) a&ntilde;os desde la entrega del Producto, si bien la prueba del defecto deber&aacute; ser realizada seg&uacute;n lo previsto en el apartado 12.5. En este caso todos los gastos de devoluci&oacute;n del Producto y env&iacute;o del nuevo Producto o el mismo reparado, corren a cuenta de Agrinovavila,s.l.</p>\r\n\r\n<p>Salvo prueba en contrario, la entrega se entiende hecha en el d&iacute;a que figure en la factura o en el albar&aacute;n de entrega si &eacute;ste fuese posterior.</p>\r\n\r\n<p>Para que la garant&iacute;a sea efectiva se deber&aacute; presentar el justificante de compra dentro del plazo legal establecido.</p>\r\n\r\n<p>El consumidor deber&aacute; informarnos de la falta de conformidad del Producto en el plazo de 2 meses desde que tuvo conocimiento de ella mediante un email o contactando con nuestro tel&eacute;fono facilitados en el apartado de Datos Identificativos de las presentes Condiciones Generales.</p>\r\n\r\n<p>Salvo prueba en contrario, se presumir&aacute; que las faltas de conformidad que se manifiesten en los seis meses posteriores a la entrega del Producto, ya exist&iacute;an cuando la cosa se entreg&oacute;, excepto cuando esta presunci&oacute;n sea incompatible con la naturaleza del Producto o la &iacute;ndole de la falta de conformidad.</p>\r\n\r\n<p>Hay conformidad de los Productos con el contrato y por tanto, <strong>Agrinovavila,s.l.</strong> no ser&aacute; responsable por faltas de conformidad cuando los Productos incluidos en el Sitio Web:</p>\r\n\r\n<ol>\r\n	<li>Se ajusten a la descripci&oacute;n realizada por el vendedor y posean las cualidades del Producto que el vendedor haya presentado.</li>\r\n	<li>Sean aptos para los usos a que ordinariamente se destinen los Productos del mismo tipo.</li>\r\n	<li>Sean aptos para cualquier uso especial requerido por el consumidor y usuario cuando lo haya puesto en conocimiento del vendedor en el momento de celebraci&oacute;n del contrato.</li>\r\n	<li>Presenten la calidad y prestaciones habituales de un Producto del mismo tipo que el consumidor y usuario pueda fundadamente esperar, habida cuenta de la naturaleza del Producto.</li>\r\n</ol>\r\n\r\n<p>Asimismo, Agrinovavila, S.L. no responder&aacute; por faltas de conformidad que el Cliente conociera o no hubiera podido ignorar en el momento de la celebraci&oacute;n del contrato.</p>\r\n\r\n<p>El Cliente podr&aacute; exigir la reparaci&oacute;n del Producto, su sustituci&oacute;n, la rebaja del preci&oacute; o la resoluci&oacute;n del contrato si el Producto no fuera conforme al contrato. La acci&oacute;n de exigir el cumplimiento de lo anterior prescribir&aacute; a los 3 a&ntilde;os desde la entrega del Producto.</p>\r\n\r\n<p>La rebaja del precio ser&aacute; proporcional a la diferencia entre el valor que el Producto hubiera tenido en el momento de la entrega. El Cliente no podr&aacute; exigir la sustituci&oacute;n en el caso de Productos no fungibles.</p>\r\n\r\n<p>La garant&iacute;a no incluye los da&ntilde;os producidos por negligencia, golpes, uso o manipulaciones indebidas, tensi&oacute;n no id&oacute;nea, accidentes el&eacute;ctricos, instalaci&oacute;n y/o utilizaci&oacute;n no conforme con las instrucciones de uso o no efectuada por el servicio t&eacute;cnico autorizado cuando proceda, ni materiales o Productos perecederos, sometidos a desgaste por su uso normal o consumibles.</p>\r\n\r\n<p>Quedan excluidos de la garant&iacute;a:</p>\r\n\r\n<ol>\r\n	<li>Aquellos Productos que han sido modificados o reparados por el Cliente o por cualquier persona distinta al proveedor o fabricante.</li>\r\n	<li>Si se ha modificado o alterado los datos de la garant&iacute;a del Producto o el justificante de compra.</li>\r\n	<li>Productos de alimentaci&oacute;n, bebidas, limpieza e higiene personal.</li>\r\n	<li>Bienes que puedan deteriorarse o caducar con rapidez.</li>\r\n	<li>Cualquier otro bien si el Cliente no dispone del justificante de compra.</li>\r\n</ol>\r\n\r\n<p><strong>&nbsp;</strong></p>\r\n\r\n<h4><strong>PRODUCTOS DEFECTUOSOS</strong></h4>\r\n\r\n<p>La definici&oacute;n legal de Producto Defectuoso es aqu&eacute;l que no ofrezca la seguridad que cabr&iacute;a leg&iacute;timamente esperar, teniendo en cuenta todas sus circunstancias y, especialmente, su presentaci&oacute;n, el uso razonablemente previsible del mismo y el momento de su puesta en circulaci&oacute;n.</p>\r\n\r\n<p>Agrinovavila, S.L., en este caso, s&oacute;lo ser&aacute; responsable cuando hubiera suministrado el Producto a pesar de conocer la existencia de su defecto.</p>\r\n\r\n<p>El Cliente dispone de un plazo de 3 a&ntilde;os a contar desde la fecha en que sufri&oacute; el perjuicio ya sea por defecto del Producto o por el da&ntilde;o que dicho defectos le ocasion&oacute; para ejercitar la acci&oacute;n de reparaci&oacute;n de da&ntilde;os y perjuicios.</p>\r\n\r\n<p>Le corresponder&aacute; al Cliente probar el defecto, el da&ntilde;o y la relaci&oacute;n de causalidad entre ambos.</p>\r\n\r\n<p>&nbsp;</p>\r\n\r\n<h4><strong>COMENTARIOS</strong></h4>\r\n\r\n<p>Todas las opiniones redactadas por los Clientes son controladas por el equipo de marketing. Si las opiniones recibidas infringen o puedan infringir la ley, la &eacute;tica o la moral (publicidad abusiva, difamaci&oacute;n, insultos, comentarios fuera de contexto&hellip;), Agrinovavila, S.L. se reserva el derecho de rechazar o eliminar dichas opiniones.</p>\r\n\r\n<p>&nbsp;</p>\r\n\r\n<h4><strong>PROTECCION DE DATOS</strong></h4>\r\n\r\n<p>En cumplimiento de lo establecido en la Ley Org&aacute;nica 15/1999, de 13 de diciembre, de Protecci&oacute;n de Datos de Car&aacute;cter Personal, thepetshopboys.es informa a sus clientes de que cuantos datos personales le faciliten ser&aacute;n incluidos en un fichero automatizado de datos de car&aacute;cter personal. El responsable de dicho fichero es Agrinovavila, S.L. propietaria de thepetshopboys.es.</p>\r\n\r\n<p>Los datos personales que se solicitan son necesarios para facilitar la tramitaci&oacute;n y gesti&oacute;n de los pedidos y enviar en el futuro, directamente o a trav&eacute;s de empresas colaboradoras, ofertas comerciales sobre productos y servicios que puedan resultar de inter&eacute;s a nuestros clientes.</p>\r\n\r\n<p>Agrinovavila, S.L. garantiza la seguridad y confidencialidad de los datos facilitados. De este modo, se compromete al cumplimiento de su obligaci&oacute;n de secreto de los datos de car&aacute;cter personal y de su deber de guardarlos y adoptar todas las medidas necesarias para evitar su alteraci&oacute;n, p&eacute;rdida, tratamiento o uso no autorizado.</p>\r\n\r\n<p>En virtud de los dispuesto en el art&iacute;culo 15 y siguientes de la LOPD y en los t&eacute;rminos que indica su Reglamento de desarrollo aprobado por el Real Decreto 1720/2007, de 21 de diciembre, en cualquier momento el titular de los datos personales podr&aacute; ejercer&nbsp;los derechos de acceso, rectificaci&oacute;n, cancelaci&oacute;n y oposici&oacute;n, comunic&aacute;ndolo por mail a <a href=\"mailto:protecciondedatos@thepetshopboys.es\">protecciondedatos@thepetshopboys.es</a> o comunic&aacute;ndolo por escrito a Agrinovavila, S.L.</p>\r\n\r\n<p>El responsable del fichero ha adoptado medidas legalmente exigidas de seguridad en sus instalaciones, sistemas y ficheros exigidas por el Reglamento de desarrollo de la LOPD, aprobado por el Real Decreto 1720/2007, de 21 de diciembre, Asimismo, el responsable del fichero garantiza la confidencialidad de los datos personales, aunque revelar&aacute; a las autoridades p&uacute;blicas competentes los datos personales y cualquier otra informaci&oacute;n que est&eacute; en su poder o sea accesible a trav&eacute;s de sus sistemas y sea requerida de conformidad con las disposiciones legales y reglamentarias aplicables.</p>\r\n\r\n<p>Los datos personales recabados del Cliente y/o Usuario, ya sea mediante los formularios del Sitio Web o mediante env&iacute;os de correos electr&oacute;nicos por el propio Cliente y/o Usuario, ser&aacute;n verdaderos, exactos, completos y actualizados, respondiendo de los da&ntilde;os y perjuicios que pudiera ocasionar a causa de la cumplimentaci&oacute;n defectuosa de los datos falsos, inexactos, incompletos o no actualizados.</p>\r\n\r\n<p>&nbsp;</p>\r\n\r\n<h4><strong>LEGISLACION Y JURISDICCION</strong></h4>\r\n\r\n<p>Las presentes condiciones generales se interpretar&aacute;n conforme a la legislaci&oacute;n vigente en Espa&ntilde;a en la materia, que se aplicar&aacute; subsidiariamente en todo lo que no se haya previsto en las mismas. (B&aacute;sicamente Ley 34/2002 de 11 de julio de servicios de la informaci&oacute;n y comercio electr&oacute;nico, Ley de protecci&oacute;n de Datos 15/1999 de 13 de Diciembre y Ley de Venta a Distancia).</p>\r\n\r\n<p>Para cualquier diferencia, litigio o controversia que pudiera surgir en el cumplimiento o interpretaci&oacute;n de este acuerdo, las partes se someten en lo que fuera necesario a los juzgados y tribunales del estado espa&ntilde;ol seg&uacute;n la normativa vigente.</p>\r\n','condicionesgenerales.jpg','2020-05-24 16:40:23'),(7,'Política de Cookies','<p>Deseamos informarte que Sitio Web utiliza cookies para medir y analizar la navegaci&oacute;n de nuestros usuarios.</p>\r\n\r\n<p>Las cookies son unos archivos que se instalan en el equipo desde el que accedes a Sitio Web con las finalidades que se describen en esta p&aacute;gina.</p>\r\n\r\n<p>Las aplicaciones que utilizamos para obtener informaci&oacute;n de la navegaci&oacute;n, medir y analizar la audiencia son:</p>\r\n\r\n<p>[Adaptar la lista seg&uacute;n necesidades particulares]</p>\r\n\r\n<p>&nbsp;</p>\r\n\r\n<ul>\r\n	<li>Google Analytics:&nbsp;&nbsp;<a href=\"http://www.google.com/policies/technologies/cookies/\" title=\"http://www.google.com/policies/technologies/cookies/\">http://www.google.com/policies/technologies/cookies/</a></li>\r\n</ul>\r\n\r\n<p>&nbsp;</p>\r\n\r\n<p>Estas aplicaciones han sido desarrolladas por Google que nos prestan el servicio de medici&oacute;n y an&aacute;lisis de la audiencia de nuestras p&aacute;ginas. Asimismo ellas mismas pueden utilizar estos datos para mejorar sus propios servicios y para ofrecer servicios a otras empresas. Puedes conocer esos otros usos desde los enlaces indicados.</p>\r\n\r\n<p>Estas herramientas no obtienen datos sobre tu nombre o apellidos ni de la direcci&oacute;n postal desde donde te conectas. La informaci&oacute;n que obtienen est&aacute; relacionada con el n&uacute;mero de p&aacute;ginas visitas, el idioma, red social en la que se publican nuestras noticias, la ciudad a la que est&aacute; asignada la direcci&oacute;n IP desde la que accedes, el n&uacute;mero de nuevos usuarios, la frecuencia y reincidencia de las visitas, el tiempo de visita, el navegador y el operador o tipo de terminal desde el que se realiza la visita.</p>\r\n\r\n<p>Esta informaci&oacute;n la utilizamos para mejorar nuestras p&aacute;ginas, detectar nuevas necesidades y valorar las mejoras a introducir con la finalidad de prestar un mejor servicio a los usuarios que nos visitan adapt&aacute;ndolas por ejemplo a los navegadores o terminales m&aacute;s utilizados.</p>\r\n\r\n<p>Para permitir, conocer, bloquear o eliminar las cookies instaladas en tu equipo puedes hacerlo mediante la configuraci&oacute;n de las opciones del navegador instalado en tu ordenador. Puedes encontrar informaci&oacute;n sobre c&oacute;mo hacerlo en el caso que uses como navegador:</p>\r\n\r\n<p>&nbsp;</p>\r\n\r\n<ul>\r\n	<li>Firefox:&nbsp;&nbsp;<a href=\"https://support.mozilla.org/es/kb/cookies-informacion-que-los-sitios-web-guardan-en-?esab=a&amp;s=politic+cookies&amp;r=0&amp;as=s\" title=\"https://support.mozilla.org/es/kb/cookies-informacion-que-los-sitios-web-guardan-en-?esab=a&amp;s=politic+cookies&amp;r=0&amp;as=s\">https://support.mozilla.org/es/kb/cookies-informacion-que-los-sitios-web-guardan-en-?esab=a&amp;s=politic+cookies&amp;r=0&amp;as=s</a></li>\r\n	<li>Chrome:&nbsp;&nbsp;<a href=\"https://support.google.com/chrome/bin/answer.py?hl=es&amp;answer=95647\" title=\"https://support.google.com/chrome/bin/answer.py?hl=es&amp;answer=95647\">https://support.google.com/chrome/bin/answer.py?hl=es&amp;answer=95647</a></li>\r\n	<li>Explorer:&nbsp;&nbsp;<a href=\"https://support.microsoft.com/es-es/help/278835/how-to-delete-cookie-files-in-internet-explorer\" title=\"https://support.microsoft.com/es-es/help/278835/how-to-delete-cookie-files-in-internet-explorer\">https://support.microsoft.com/es-es/help/278835/how-to-delete-cookie-files-in-internet-explorer</a></li>\r\n	<li>Edge:&nbsp;&nbsp;<a href=\"https://privacy.microsoft.com/es-es/windows-10-microsoft-edge-and-privacy\" title=\"https://privacy.microsoft.com/es-es/windows-10-microsoft-edge-and-privacy\">https://privacy.microsoft.com/es-es/windows-10-microsoft-edge-and-privacy</a></li>\r\n	<li>Safari:&nbsp;&nbsp;<a href=\"https://support.apple.com/kb/PH21411?viewlocale=es_ES&amp;locale=es_ES\" title=\"https://support.apple.com/kb/PH21411?viewlocale=es_ES&amp;locale=es_ES\">https://support.apple.com/kb/PH21411?viewlocale=es_ES&amp;locale=es_ES</a></li>\r\n</ul>\r\n','cookies.jpg','2020-05-24 17:49:48'),(8,'Preguntas Frecuentes','<h4><strong>&iquest;C&oacute;mo hacer esto?</strong></h4>\r\n\r\n<p>Lorem ipsum dolor sit amet, consectetur adipiscing elit, sed do eiusmod tempor incididunt ut labore et dolore magna aliqua. Ut enim ad minim veniam, quis nostrud exercitation ullamco laboris nisi ut aliquip ex ea commodo consequat. Duis aute irure dolor in reprehenderit in voluptate velit esse cillum dolore eu fugiat nulla pariatur. Excepteur sint occaecat cupidatat non proident, sunt in culpa qui officia deserunt mollit anim id est laborum.</p>\r\n\r\n<p>&nbsp;</p>\r\n\r\n<h4><strong>&iquest;C&oacute;mo hacer lo siguiente?</strong></h4>\r\n\r\n<p>Lorem ipsum dolor sit amet, consectetur adipiscing elit, sed do eiusmod tempor incididunt ut labore et dolore magna aliqua. Ut enim ad minim veniam, quis nostrud exercitation ullamco laboris nisi ut aliquip ex ea commodo consequat. Duis aute irure dolor in reprehenderit in voluptate velit esse cillum dolore eu fugiat nulla pariatur. Excepteur sint occaecat cupidatat non proident, sunt in culpa qui officia deserunt mollit anim id est laborum.</p>\r\n\r\n<p>&nbsp;</p>\r\n\r\n<h4><strong>&iquest;C&oacute;mo puedo hacer esto?</strong></h4>\r\n\r\n<p>Lorem ipsum dolor sit amet, consectetur adipiscing elit, sed do eiusmod tempor incididunt ut labore et dolore magna aliqua. Ut enim ad minim veniam, quis nostrud exercitation ullamco laboris nisi ut aliquip ex ea commodo consequat. Duis aute irure dolor in reprehenderit in voluptate velit esse cillum dolore eu fugiat nulla pariatur. Excepteur sint occaecat cupidatat non proident, sunt in culpa qui officia deserunt mollit anim id est laborum.</p>\r\n\r\n<p>&nbsp;</p>\r\n\r\n<h4><strong>&iquest;C&oacute;mo har&iacute;a para hacer esto tambi&eacute;n?</strong></h4>\r\n\r\n<p>Lorem ipsum dolor sit amet, consectetur adipiscing elit, sed do eiusmod tempor incididunt ut labore et dolore magna aliqua. Ut enim ad minim veniam, quis nostrud exercitation ullamco laboris nisi ut aliquip ex ea commodo consequat. Duis aute irure dolor in reprehenderit in voluptate velit esse cillum dolore eu fugiat nulla pariatur. Excepteur sint occaecat cupidatat non proident, sunt in culpa qui officia deserunt mollit anim id est laborum.</p>\r\n\r\n<p>&nbsp;</p>\r\n\r\n<h4><strong>&iquest;Qu&eacute; es esto?</strong></h4>\r\n\r\n<p>Lorem ipsum dolor sit amet, consectetur adipiscing elit, sed do eiusmod tempor incididunt ut labore et dolore magna aliqua. Ut enim ad minim veniam, quis nostrud exercitation ullamco laboris nisi ut aliquip ex ea commodo consequat. Duis aute irure dolor in reprehenderit in voluptate velit esse cillum dolore eu fugiat nulla pariatur. Excepteur sint occaecat cupidatat non proident, sunt in culpa qui officia deserunt mollit anim id est laborum.</p>\r\n','preguntasfrecuentes.jpg','2020-05-24 18:13:07'),(9,'Nuestro Compromiso','<h4><strong>PRUEBA NUESTRO COMPROMISO</strong></h4>\r\n\r\n<p>Se informa a los usuarios de la presente p&aacute;gina web, en adelante Usuario, que el titular del website [https://www.tudominio.com], en adelante Sitio Web, es la [Tu empresa o titular - Denominaci&oacute;n social o fiscal], cuya direcci&oacute;n es [Tu direcci&oacute;n]</p>\r\n\r\n<p>[Tus datos del registro mercantil]</p>\r\n\r\n<p>&nbsp;</p>\r\n\r\n<h4><strong>Cond</strong><strong>iciones de Uso</strong></h4>\r\n\r\n<p>El acceso al Sitio Web es libre y gratuito siempre que el usuario acepte las condiciones de uso que se le muestren al entrar seg&uacute;n la legislaci&oacute;n vigente.</p>\r\n\r\n<p>Si el usuario se suscribe a cualquier servicio del Sitio Web lo har&aacute; aceptando las Condiciones de Uso y Pol&iacute;tica de Privacidad y Cookies que se le mostrar&aacute;n.</p>\r\n\r\n<p>&nbsp;</p>\r\n\r\n<h4><strong>Veracidad de los datos</strong></h4>\r\n\r\n<p>El Usuario reconoce que los datos suministrados son veraces y ciertos, comprometi&eacute;ndose a notificar cualquier cambio o modificaci&oacute;n que se produzca en los mismos.</p>\r\n','nuestrocompromiso2.jpg','2020-05-29 04:55:55'),(10,'Ideas, Consejos y Trucos','<h4><strong>PRUEBAS IDEAS Y TRUCOS</strong></h4>\r\n\r\n<p>Se informa a los usuarios de la presente p&aacute;gina web, en adelante Usuario, que el titular del website [https://www.tudominio.com], en adelante Sitio Web, es la [Tu empresa o titular - Denominaci&oacute;n social o fiscal], cuya direcci&oacute;n es [Tu direcci&oacute;n]</p>\r\n\r\n<p>[Tus datos del registro mercantil]</p>\r\n\r\n<p>&nbsp;</p>\r\n\r\n<h4><strong>Cond</strong><strong>iciones de Uso</strong></h4>\r\n\r\n<p>El acceso al Sitio Web es libre y gratuito siempre que el usuario acepte las condiciones de uso que se le muestren al entrar seg&uacute;n la legislaci&oacute;n vigente.</p>\r\n\r\n<p>Si el usuario se suscribe a cualquier servicio del Sitio Web lo har&aacute; aceptando las Condiciones de Uso y Pol&iacute;tica de Privacidad y Cookies que se le mostrar&aacute;n.</p>\r\n\r\n<p>&nbsp;</p>\r\n\r\n<h4><strong>Veracidad de los datos</strong></h4>\r\n\r\n<p>El Usuario reconoce que los datos suministrados son veraces y ciertos, comprometi&eacute;ndose a notificar cualquier cambio o modificaci&oacute;n que se produzca en los mismos.</p>\r\n','consejosytrucos.jpg','2020-05-29 05:03:56'),(11,'Responsabilidad Social Corporativa','<h4>PRUEBA RESPONSABILIDAD SOCIAL</h4>\r\n\r\n<h4><strong>&iquest;C&oacute;mo hacer esto?</strong></h4>\r\n\r\n<p>Lorem ipsum dolor sit amet, consectetur adipiscing elit, sed do eiusmod tempor incididunt ut labore et dolore magna aliqua. Ut enim ad minim veniam, quis nostrud exercitation ullamco laboris nisi ut aliquip ex ea commodo consequat. Duis aute irure dolor in reprehenderit in voluptate velit esse cillum dolore eu fugiat nulla pariatur. Excepteur sint occaecat cupidatat non proident, sunt in culpa qui officia deserunt mollit anim id est laborum.</p>\r\n\r\n<p>&nbsp;</p>\r\n\r\n<h4><strong>&iquest;C&oacute;mo hacer lo siguiente?</strong></h4>\r\n\r\n<p>Lorem ipsum dolor sit amet, consectetur adipiscing elit, sed do eiusmod tempor incididunt ut labore et dolore magna aliqua. Ut enim ad minim veniam, quis nostrud exercitation ullamco laboris nisi ut aliquip ex ea commodo consequat. Duis aute irure dolor in reprehenderit in voluptate velit esse cillum dolore eu fugiat nulla pariatur. Excepteur sint occaecat cupidatat non proident, sunt in culpa qui officia deserunt mollit anim id est laborum.</p>\r\n\r\n<p>&nbsp;</p>\r\n\r\n<h4><strong>&iquest;C&oacute;mo puedo hacer esto?</strong></h4>\r\n\r\n<p>Lorem ipsum dolor sit amet, consectetur adipiscing elit, sed do eiusmod tempor incididunt ut labore et dolore magna aliqua. Ut enim ad minim veniam, quis nostrud exercitation ullamco laboris nisi ut aliquip ex ea commodo consequat. Duis aute irure dolor in reprehenderit in voluptate velit esse cillum dolore eu fugiat nulla pariatur. Excepteur sint occaecat cupidatat non proident, sunt in culpa qui officia deserunt mollit anim id est laborum.</p>\r\n\r\n<p>&nbsp;</p>\r\n\r\n<h4><strong>&iquest;C&oacute;mo har&iacute;a para hacer esto tambi&eacute;n?</strong></h4>\r\n\r\n<p>Lorem ipsum dolor sit amet, consectetur adipiscing elit, sed do eiusmod tempor incididunt ut labore et dolore magna aliqua. Ut enim ad minim veniam, quis nostrud exercitation ullamco laboris nisi ut aliquip ex ea commodo consequat. Duis aute irure dolor in reprehenderit in voluptate velit esse cillum dolore eu fugiat nulla pariatur. Excepteur sint occaecat cupidatat non proident, sunt in culpa qui officia deserunt mollit anim id est laborum.</p>\r\n\r\n<p>&nbsp;</p>\r\n\r\n<h4><strong>&iquest;Qu&eacute; es esto?</strong></h4>\r\n\r\n<p>Lorem ipsum dolor sit amet, consectetur adipiscing elit, sed do eiusmod tempor incididunt ut labore et dolore magna aliqua. Ut enim ad minim veniam, quis nostrud exercitation ullamco laboris nisi ut aliquip ex ea commodo consequat. Duis aute irure dolor in reprehenderit in voluptate velit esse cillum dolore eu fugiat nulla pariatur. Excepteur sint occaecat cupidatat non proident, sunt in culpa qui officia deserunt mollit anim id est laborum.</p>\r\n','responsabilidadsocial.jpg','2020-05-29 05:03:56'),(12,'Bolsa de Trabajo','<h4>BOLSA DE TRABAJO</h4>\r\n\r\n<h4><strong>&iquest;C&oacute;mo hacer esto?</strong></h4>\r\n\r\n<p>Lorem ipsum dolor sit amet, consectetur adipiscing elit, sed do eiusmod tempor incididunt ut labore et dolore magna aliqua. Ut enim ad minim veniam, quis nostrud exercitation ullamco laboris nisi ut aliquip ex ea commodo consequat. Duis aute irure dolor in reprehenderit in voluptate velit esse cillum dolore eu fugiat nulla pariatur. Excepteur sint occaecat cupidatat non proident, sunt in culpa qui officia deserunt mollit anim id est laborum.</p>\r\n\r\n<p>&nbsp;</p>\r\n\r\n<h4><strong>&iquest;C&oacute;mo hacer lo siguiente?</strong></h4>\r\n\r\n<p>Lorem ipsum dolor sit amet, consectetur adipiscing elit, sed do eiusmod tempor incididunt ut labore et dolore magna aliqua. Ut enim ad minim veniam, quis nostrud exercitation ullamco laboris nisi ut aliquip ex ea commodo consequat. Duis aute irure dolor in reprehenderit in voluptate velit esse cillum dolore eu fugiat nulla pariatur. Excepteur sint occaecat cupidatat non proident, sunt in culpa qui officia deserunt mollit anim id est .</p>\r\n\r\n<h4><strong>&iquest;C&oacute;mo puedo hacer esto?</strong></h4>\r\n\r\n<p>Lorem ipsum dolor sit amet, consectetur adipiscing elit, sed do eiusmod tempor incididunt ut labore et dolore magna aliqua. Ut enim ad minim veniam, quis nostrud exercitation ullamco laboris nisi ut aliquip ex ea commodo consequat. Duis aute irure dolor in reprehenderit in voluptate velit esse cillum dolore eu fugiat nulla pariatur. Excepteur sint occaecat cupidatat non proident, sunt in culpa qui officia deserunt mollit anim id est laborum.</p>\r\n\r\n<p>&nbsp;</p>\r\n\r\n<h4><strong>&iquest;C&oacute;mo har&iacute;a para hacer esto tambi&eacute;n?</strong></h4>\r\n\r\n<p>Lorem ipsum dolor sit amet, consectetur adipiscing elit, sed do eiusmod tempor incididunt ut labore et dolore magna aliqua. Ut enim ad minim veniam, quis nostrud exercitation ullamco laboris nisi ut aliquip ex ea commodo consequat. Duis aute irure dolor in reprehenderit in voluptate velit esse cillum dolore eu fugiat nulla pariatur. Excepteur sint occaecat cupidatat non proident, sunt in culpa qui officia deserunt mollit anim id est laborum.</p>\r\n\r\n<p>&nbsp;</p>\r\n\r\n<h4><strong>&iquest;Qu&eacute; es esto?</strong></h4>\r\n\r\n<p>Lorem ipsum dolor sit amet, consectetur adipiscing elit, sed do eiusmod tempor incididunt ut labore et dolore magna aliqua. Ut enim ad minim veniam, quis nostrud exercitation ullamco laboris nisi ut aliquip ex ea commodo consequat. Duis aute irure dolor in reprehenderit in voluptate velit esse cillum dolore eu fugiat nulla pariatur. Excepteur sint occaecat cupidatat non proident, sunt in culpa qui officia deserunt mollit anim id est laborum.</p>\r\n','bolsatrabajo.jpg','2020-05-29 05:03:56'),(13,'Seguimiento de Productos','<h4>PRUEBA SEGUIMIENTO DE PRODUCTOS</h4>\r\n\r\n<h4><strong>&iquest;C&oacute;mo hacer esto?</strong></h4>\r\n\r\n<p>Lorem ipsum dolor sit amet, consectetur adipiscing elit, sed do eiusmod tempor incididunt ut labore et dolore magna aliqua. Ut enim ad minim veniam, quis nostrud exercitation ullamco laboris nisi ut aliquip ex ea commodo consequat. Duis aute irure dolor in reprehenderit in voluptate velit esse cillum dolore eu fugiat nulla pariatur. Excepteur sint occaecat cupidatat non proident, sunt in culpa qui officia deserunt mollit anim id est laborum.</p>\r\n\r\n<p>&nbsp;</p>\r\n\r\n<h4><strong>&iquest;C&oacute;mo hacer lo siguiente?</strong></h4>\r\n\r\n<p>Lorem ipsum dolor sit amet, consectetur adipiscing elit, sed do eiusmod tempor incididunt ut labore et dolore magna aliqua. Ut enim ad minim veniam, quis nostrud exercitation ullamco laboris nisi ut aliquip ex ea commodo consequat. Duis aute irure dolor in reprehenderit in voluptate velit esse cillum dolore eu fugiat nulla pariatur. Excepteur sint occaecat cupidatat non proident, sunt in culpa qui officia deserunt mollit anim id est laborum.</p>\r\n\r\n<p>&nbsp;</p>\r\n\r\n<h4><strong>&iquest;C&oacute;mo puedo hacer esto?</strong></h4>\r\n\r\n<p>Lorem ipsum dolor sit amet, consectetur adipiscing elit, sed do eiusmod tempor incididunt ut labore et dolore magna aliqua. Ut enim ad minim veniam, quis nostrud exercitation ullamco laboris nisi ut aliquip ex ea commodo consequat. Duis aute irure dolor in reprehenderit in voluptate velit esse cillum dolore eu fugiat nulla pariatur. Excepteur sint occaecat cupidatat non proident, sunt in culpa qui officia deserunt mollit anim id est laborum.</p>\r\n\r\n<p>&nbsp;</p>\r\n\r\n<h4><strong>&iquest;C&oacute;mo har&iacute;a para hacer esto tambi&eacute;n?</strong></h4>\r\n\r\n<p>Lorem ipsum dolor sit amet, consectetur adipiscing elit, sed do eiusmod tempor incididunt ut labore et dolore magna aliqua. Ut enim ad minim veniam, quis nostrud exercitation ullamco laboris nisi ut aliquip ex ea commodo consequat. Duis aute irure dolor in reprehenderit in voluptate velit esse cillum dolore eu fugiat nulla pariatur. Excepteur sint occaecat cupidatat non proident, sunt in culpa qui officia deserunt mollit anim id est laborum.</p>\r\n\r\n<p>&nbsp;</p>\r\n\r\n<h4><strong>&iquest;Qu&eacute; es esto?</strong></h4>\r\n\r\n<p>Lorem ipsum dolor sit amet, consectetur adipiscing elit, sed do eiusmod tempor incididunt ut labore et dolore magna aliqua. Ut enim ad minim veniam, quis nostrud exercitation ullamco laboris nisi ut aliquip ex ea commodo consequat. Duis aute irure dolor in reprehenderit in voluptate velit esse cillum dolore eu fugiat nulla pariatur. Excepteur sint occaecat cupidatat non proident, sunt in culpa qui officia deserunt mollit anim id est laborum.</p>\r\n','tracking.jpg','2020-05-29 05:03:56'),(14,'Marcas','<h4>MARCAS PRUEBA</h4>\r\n\r\n<h4>&nbsp;</h4>\r\n\r\n<h4><strong>&iquest;C&oacute;mo hacer esto?</strong></h4>\r\n\r\n<p>Lorem ipsum dolor sit amet, consectetur adipiscing elit, sed do eiusmod tempor incididunt ut labore et dolore magna aliqua. Ut enim ad minim veniam, quis nostrud exercitation ullamco laboris nisi ut aliquip ex ea commodo consequat. Duis aute irure dolor in reprehenderit in voluptate velit esse cillum dolore eu fugiat nulla pariatur. Excepteur sint occaecat cupidatat non proident, sunt in culpa qui officia deserunt mollit anim id est laborum.</p>\r\n\r\n<p>&nbsp;</p>\r\n\r\n<h4><strong>&iquest;C&oacute;mo hacer lo siguiente?</strong></h4>\r\n\r\n<p>Lorem ipsum dolor sit amet, consectetur adipiscing elit, sed do eiusmod tempor incididunt ut labore et dolore magna aliqua. Ut enim ad minim veniam, quis nostrud exercitation ullamco laboris nisi ut aliquip ex ea commodo consequat. Duis aute irure dolor in reprehenderit in voluptate velit esse cillum dolore eu fugiat nulla pariatur. Excepteur sint occaecat cupidatat non proident, sunt in culpa qui officia deserunt mollit anim id est laborum.</p>\r\n\r\n<p>&nbsp;</p>\r\n\r\n<h4><strong>&iquest;C&oacute;mo puedo hacer esto?</strong></h4>\r\n\r\n<p>Lorem ipsum dolor sit amet, consectetur adipiscing elit, sed do eiusmod tempor incididunt ut labore et dolore magna aliqua. Ut enim ad minim veniam, quis nostrud exercitation ullamco laboris nisi ut aliquip ex ea commodo consequat. Duis aute irure dolor in reprehenderit in voluptate velit esse cillum dolore eu fugiat nulla pariatur. Excepteur sint occaecat cupidatat non proident, sunt in culpa qui officia deserunt mollit anim id est laborum.</p>\r\n\r\n<p>&nbsp;</p>\r\n\r\n<h4><strong>&iquest;C&oacute;mo har&iacute;a para hacer esto tambi&eacute;n?</strong></h4>\r\n\r\n<p>Lorem ipsum dolor sit amet, consectetur adipiscing elit, sed do eiusmod tempor incididunt ut labore et dolore magna aliqua. Ut enim ad minim veniam, quis nostrud exercitation ullamco laboris nisi ut aliquip ex ea commodo consequat. Duis aute irure dolor in reprehenderit in voluptate velit esse cillum dolore eu fugiat nulla pariatur. Excepteur sint occaecat cupidatat non proident, sunt in culpa qui officia deserunt mollit anim id est laborum.</p>\r\n\r\n<p>&nbsp;</p>\r\n\r\n<h4><strong>&iquest;Qu&eacute; es esto?</strong></h4>\r\n\r\n<p>Lorem ipsum dolor sit amet, consectetur adipiscing elit, sed do eiusmod tempor incididunt ut labore et dolore magna aliqua. Ut enim ad minim veniam, quis nostrud exercitation ullamco laboris nisi ut aliquip ex ea commodo consequat. Duis aute irure dolor in reprehenderit in voluptate velit esse cillum dolore eu fugiat nulla pariatur. Excepteur sint occaecat cupidatat non proident, sunt in culpa qui officia deserunt mollit anim id est laborum.</p>\r\n','banner.png','2020-05-29 05:03:56'),(15,'Devoluciones','<h4>PRUEBA DEVOLUCIONES</h4>\r\n\r\n<h4><strong>&iquest;C&oacute;mo hacer esto?</strong></h4>\r\n\r\n<p>Lorem ipsum dolor sit amet, consectetur adipiscing elit, sed do eiusmod tempor incididunt ut labore et dolore magna aliqua. Ut enim ad minim veniam, quis nostrud exercitation ullamco laboris nisi ut aliquip ex ea commodo consequat. Duis aute irure dolor in reprehenderit in voluptate velit esse cillum dolore eu fugiat nulla pariatur. Excepteur sint occaecat cupidatat non proident, sunt in culpa qui officia deserunt mollit anim id est laborum.</p>\r\n\r\n<p>&nbsp;</p>\r\n\r\n<h4><strong>&iquest;C&oacute;mo hacer lo siguiente?</strong></h4>\r\n\r\n<p>Lorem ipsum dolor sit amet, consectetur adipiscing elit, sed do eiusmod tempor incididunt ut labore et dolore magna aliqua. Ut enim ad minim veniam, quis nostrud exercitation ullamco laboris nisi ut aliquip ex ea commodo consequat. Duis aute irure dolor in reprehenderit in voluptate velit esse cillum dolore eu fugiat nulla pariatur. Excepteur sint occaecat cupidatat non proident, sunt in culpa qui officia deserunt mollit anim id est laborum.</p>\r\n\r\n<p>&nbsp;</p>\r\n\r\n<h4><strong>&iquest;C&oacute;mo puedo hacer esto?</strong></h4>\r\n\r\n<p>Lorem ipsum dolor sit amet, consectetur adipiscing elit, sed do eiusmod tempor incididunt ut labore et dolore magna aliqua. Ut enim ad minim veniam, quis nostrud exercitation ullamco laboris nisi ut aliquip ex ea commodo consequat. Duis aute irure dolor in reprehenderit in voluptate velit esse cillum dolore eu fugiat nulla pariatur. Excepteur sint occaecat cupidatat non proident, sunt in culpa qui officia deserunt mollit anim id est laborum.</p>\r\n\r\n<p>&nbsp;</p>\r\n\r\n<h4><strong>&iquest;C&oacute;mo har&iacute;a para hacer esto tambi&eacute;n?</strong></h4>\r\n\r\n<p>Lorem ipsum dolor sit amet, consectetur adipiscing elit, sed do eiusmod tempor incididunt ut labore et dolore magna aliqua. Ut enim ad minim veniam, quis nostrud exercitation ullamco laboris nisi ut aliquip ex ea commodo consequat. Duis aute irure dolor in reprehenderit in voluptate velit esse cillum dolore eu fugiat nulla pariatur. Excepteur sint occaecat cupidatat non proident, sunt in culpa qui officia deserunt mollit anim id est laborum.</p>\r\n\r\n<p>&nbsp;</p>\r\n\r\n<h4><strong>&iquest;Qu&eacute; es esto?</strong></h4>\r\n\r\n<p>Lorem ipsum dolor sit amet, consectetur adipiscing elit, sed do eiusmod tempor incididunt ut labore et dolore magna aliqua. Ut enim ad minim veniam, quis nostrud exercitation ullamco laboris nisi ut aliquip ex ea commodo consequat. Duis aute irure dolor in reprehenderit in voluptate velit esse cillum dolore eu fugiat nulla pariatur. Excepteur sint occaecat cupidatat non proident, sunt in culpa qui officia deserunt mollit anim id est laborum.</p>\r\n','devoluciones.jpeg','2020-05-29 05:03:56'),(16,'Garantías','<h4>PRUEBAS GARANTIAS</h4>\r\n\r\n<h4><strong>&iquest;C&oacute;mo hacer esto?</strong></h4>\r\n\r\n<p>Lorem ipsum dolor sit amet, consectetur adipiscing elit, sed do eiusmod tempor incididunt ut labore et dolore magna aliqua. Ut enim ad minim veniam, quis nostrud exercitation ullamco laboris nisi ut aliquip ex ea commodo consequat. Duis aute irure dolor in reprehenderit in voluptate velit esse cillum dolore eu fugiat nulla pariatur. Excepteur sint occaecat cupidatat non proident, sunt in culpa qui officia deserunt mollit anim id est laborum.</p>\r\n\r\n<p>&nbsp;</p>\r\n\r\n<h4><strong>&iquest;C&oacute;mo hacer lo siguiente?</strong></h4>\r\n\r\n<p>Lorem ipsum dolor sit amet, consectetur adipiscing elit, sed do eiusmod tempor incididunt ut labore et dolore magna aliqua. Ut enim ad minim veniam, quis nostrud exercitation ullamco laboris nisi ut aliquip ex ea commodo consequat. Duis aute irure dolor in reprehenderit in voluptate velit esse cillum dolore eu fugiat nulla pariatur. Excepteur sint occaecat cupidatat non proident, sunt in culpa qui officia deserunt mollit anim id est laborum.</p>\r\n\r\n<p>&nbsp;</p>\r\n\r\n<h4><strong>&iquest;C&oacute;mo puedo hacer esto?</strong></h4>\r\n\r\n<p>Lorem ipsum dolor sit amet, consectetur adipiscing elit, sed do eiusmod tempor incididunt ut labore et dolore magna aliqua. Ut enim ad minim veniam, quis nostrud exercitation ullamco laboris nisi ut aliquip ex ea commodo consequat. Duis aute irure dolor in reprehenderit in voluptate velit esse cillum dolore eu fugiat nulla pariatur. Excepteur sint occaecat cupidatat non proident, sunt in culpa qui officia deserunt mollit anim id est laborum.</p>\r\n\r\n<p>&nbsp;</p>\r\n\r\n<h4><strong>&iquest;C&oacute;mo har&iacute;a para hacer esto tambi&eacute;n?</strong></h4>\r\n\r\n<p>Lorem ipsum dolor sit amet, consectetur adipiscing elit, sed do eiusmod tempor incididunt ut labore et dolore magna aliqua. Ut enim ad minim veniam, quis nostrud exercitation ullamco laboris nisi ut aliquip ex ea commodo consequat. Duis aute irure dolor in reprehenderit in voluptate velit esse cillum dolore eu fugiat nulla pariatur. Excepteur sint occaecat cupidatat non proident, sunt in culpa qui officia deserunt mollit anim id est laborum.</p>\r\n\r\n<p>&nbsp;</p>\r\n\r\n<h4><strong>&iquest;Qu&eacute; es esto?</strong></h4>\r\n\r\n<p>Lorem ipsum dolor sit amet, consectetur adipiscing elit, sed do eiusmod tempor incididunt ut labore et dolore magna aliqua. Ut enim ad minim veniam, quis nostrud exercitation ullamco laboris nisi ut aliquip ex ea commodo consequat. Duis aute irure dolor in reprehenderit in voluptate velit esse cillum dolore eu fugiat nulla pariatur. Excepteur sint occaecat cupidatat non proident, sunt in culpa qui officia deserunt mollit anim id est laborum.</p>\r\n','garantias.jpg','2020-05-29 05:03:56'),(17,'Financia tus Pedidos',NULL,'financiayahorro.jpg','2020-06-04 02:21:39'),(18,'Ahorro Asegurado',NULL,'ahorra.jpeg','2020-06-04 02:21:39');
/*!40000 ALTER TABLE `ventas` ENABLE KEYS */;
UNLOCK TABLES;

--
-- Table structure for table `videos`
--

DROP TABLE IF EXISTS `videos`;
/*!40101 SET @saved_cs_client     = @@character_set_client */;
 SET character_set_client = utf8mb4 ;
CREATE TABLE `videos` (
  `idvid` int(11) NOT NULL AUTO_INCREMENT,
  `title` varchar(100) CHARACTER SET latin1 DEFAULT NULL,
  `url` text CHARACTER SET latin1,
  PRIMARY KEY (`idvid`)
) ENGINE=InnoDB AUTO_INCREMENT=14 DEFAULT CHARSET=utf8mb4;
/*!40101 SET character_set_client = @saved_cs_client */;

--
-- Dumping data for table `videos`
--

LOCK TABLES `videos` WRITE;
/*!40000 ALTER TABLE `videos` DISABLE KEYS */;
INSERT INTO `videos` VALUES (1,'SmartCities','https://www.youtube.com/watch?v=cDinEsC9a2k'),(2,'NorthWay','https://www.youtube.com/watch?v=ftlvreFtA2A'),(3,'Kauai','https://www.youtube.com/watch?v=1nf61dNdzPc'),(4,'Earth From Above','https://www.youtube.com/watch?v=lM02vNMRRB0'),(5,'Orbit','https://www.youtube.com/watch?v=7KXGZAEWzn0'),(6,'Japan','https://www.youtube.com/watch?v=6k7a8bw451M'),(7,'Hong Kong','https://www.youtube.com/watch?v=gYO1uk7vIcc'),(8,'Moscow','https://www.youtube.com/watch?v=S_dfq9rFWAE'),(9,'St Petersburg','https://www.youtube.com/watch?v=eMEH6LG9_iQ'),(10,'Chicago','https://www.youtube.com/watch?v=bMJ7KwqiO8c'),(13,'Lima','https://www.youtube.com/watch?v=osFWPlrT08I');
/*!40000 ALTER TABLE `videos` ENABLE KEYS */;
UNLOCK TABLES;
/*!40103 SET TIME_ZONE=@OLD_TIME_ZONE */;

/*!40101 SET SQL_MODE=@OLD_SQL_MODE */;
/*!40014 SET FOREIGN_KEY_CHECKS=@OLD_FOREIGN_KEY_CHECKS */;
/*!40014 SET UNIQUE_CHECKS=@OLD_UNIQUE_CHECKS */;
/*!40101 SET CHARACTER_SET_CLIENT=@OLD_CHARACTER_SET_CLIENT */;
/*!40101 SET CHARACTER_SET_RESULTS=@OLD_CHARACTER_SET_RESULTS */;
/*!40101 SET COLLATION_CONNECTION=@OLD_COLLATION_CONNECTION */;
/*!40111 SET SQL_NOTES=@OLD_SQL_NOTES */;

-- Dump completed on 2020-06-05 16:51:54
